,File Size,Month,Date,Time,File Name
0,864K,Jul,9,12:46,20220709_194629.WAV
1,0,Dec,31,1979,20220709_194915.WAV
2,107M,Jul,9,12:59,20220709_195611.WAV
3,856M,Jul,9,13:29,20220709_200000.WAV
4,856M,Jul,9,13:59,20220709_203000.WAV
5,856M,Jul,9,14:29,20220709_210000.WAV
6,856M,Jul,9,14:59,20220709_213000.WAV
7,856M,Jul,9,15:29,20220709_220000.WAV
8,856M,Jul,9,15:59,20220709_223000.WAV
9,856M,Jul,9,16:29,20220709_230000.WAV
10,856M,Jul,9,16:59,20220709_233000.WAV
11,856M,Jul,9,17:29,20220710_000000.WAV
12,856M,Jul,9,17:59,20220710_003000.WAV
13,856M,Jul,9,18:29,20220710_010000.WAV
14,856M,Jul,9,18:59,20220710_013000.WAV
15,856M,Jul,9,19:29,20220710_020000.WAV
16,856M,Jul,9,19:59,20220710_023000.WAV
17,856M,Jul,9,20:29,20220710_030000.WAV
18,856M,Jul,9,20:59,20220710_033000.WAV
19,856M,Jul,9,21:29,20220710_040000.WAV
20,856M,Jul,9,21:59,20220710_043000.WAV
21,856M,Jul,9,22:29,20220710_050000.WAV
22,856M,Jul,9,22:59,20220710_053000.WAV
23,856M,Jul,9,23:29,20220710_060000.WAV
24,856M,Jul,9,23:59,20220710_063000.WAV
25,856M,Jul,10,00:29,20220710_070000.WAV
26,856M,Jul,10,00:59,20220710_073000.WAV
27,856M,Jul,10,01:29,20220710_080000.WAV
28,856M,Jul,10,01:59,20220710_083000.WAV
29,856M,Jul,10,02:29,20220710_090000.WAV
30,856M,Jul,10,02:59,20220710_093000.WAV
31,856M,Jul,10,03:29,20220710_100000.WAV
32,856M,Jul,10,03:59,20220710_103000.WAV
33,856M,Jul,10,04:29,20220710_110000.WAV
34,856M,Jul,10,04:59,20220710_113000.WAV
35,856M,Jul,10,05:29,20220710_120000.WAV
36,856M,Jul,10,05:59,20220710_123000.WAV
37,856M,Jul,10,06:29,20220710_130000.WAV
38,856M,Jul,10,06:59,20220710_133000.WAV
39,856M,Jul,10,07:29,20220710_140000.WAV
40,856M,Jul,10,07:59,20220710_143000.WAV
41,856M,Jul,10,08:29,20220710_150000.WAV
42,856M,Jul,10,08:59,20220710_153000.WAV
43,856M,Jul,10,09:29,20220710_160000.WAV
44,856M,Jul,10,09:59,20220710_163000.WAV
45,856M,Jul,10,10:29,20220710_170000.WAV
46,856M,Jul,10,10:59,20220710_173000.WAV
47,856M,Jul,10,11:29,20220710_180000.WAV
48,856M,Jul,10,11:59,20220710_183000.WAV
49,856M,Jul,10,12:29,20220710_190000.WAV
50,856M,Jul,10,12:59,20220710_193000.WAV
51,856M,Jul,10,13:29,20220710_200000.WAV
52,856M,Jul,10,13:59,20220710_203000.WAV
53,856M,Jul,10,14:29,20220710_210000.WAV
54,856M,Jul,10,14:59,20220710_213000.WAV
55,856M,Jul,10,15:29,20220710_220000.WAV
56,856M,Jul,10,15:59,20220710_223000.WAV
57,856M,Jul,10,16:29,20220710_230000.WAV
58,856M,Jul,10,16:59,20220710_233000.WAV
59,856M,Jul,10,17:29,20220711_000000.WAV
60,856M,Jul,10,17:59,20220711_003000.WAV
61,856M,Jul,10,18:29,20220711_010000.WAV
62,856M,Jul,10,18:59,20220711_013000.WAV
63,856M,Jul,10,19:29,20220711_020000.WAV
64,856M,Jul,10,19:59,20220711_023000.WAV
65,856M,Jul,10,20:29,20220711_030000.WAV
66,856M,Jul,10,20:59,20220711_033000.WAV
67,856M,Jul,10,21:29,20220711_040000.WAV
68,856M,Jul,10,21:59,20220711_043000.WAV
69,856M,Jul,10,22:29,20220711_050000.WAV
70,856M,Jul,10,22:59,20220711_053000.WAV
71,856M,Jul,10,23:29,20220711_060000.WAV
72,856M,Jul,10,23:59,20220711_063000.WAV
73,856M,Jul,11,00:29,20220711_070000.WAV
74,856M,Jul,11,00:59,20220711_073000.WAV
75,856M,Jul,11,01:29,20220711_080000.WAV
76,856M,Jul,11,01:59,20220711_083000.WAV
77,856M,Jul,11,02:29,20220711_090000.WAV
78,856M,Jul,11,02:59,20220711_093000.WAV
79,856M,Jul,11,03:29,20220711_100000.WAV
80,856M,Jul,11,03:59,20220711_103000.WAV
81,856M,Jul,11,04:29,20220711_110000.WAV
82,856M,Jul,11,04:59,20220711_113000.WAV
83,856M,Jul,11,05:29,20220711_120000.WAV
84,856M,Jul,11,05:59,20220711_123000.WAV
85,488,Jul,11,05:59,20220711_130000.WAV
86,488,Jul,11,06:00,20220711_130001.WAV
87,488,Jul,11,06:00,20220711_130002.WAV
88,488,Jul,11,06:00,20220711_130003.WAV
89,488,Jul,11,06:00,20220711_130004.WAV
90,488,Jul,11,06:00,20220711_130005.WAV
91,488,Jul,11,06:00,20220711_130006.WAV
92,488,Jul,11,06:00,20220711_130007.WAV
93,488,Jul,11,06:00,20220711_130008.WAV
94,488,Jul,11,06:00,20220711_130009.WAV
95,488,Jul,11,06:00,20220711_130010.WAV
96,488,Jul,11,06:00,20220711_130011.WAV
97,488,Jul,11,06:00,20220711_130012.WAV
98,488,Jul,11,06:00,20220711_130013.WAV
99,488,Jul,11,06:00,20220711_130014.WAV
100,488,Jul,11,06:00,20220711_130015.WAV
101,488,Jul,11,06:00,20220711_130016.WAV
102,488,Jul,11,06:00,20220711_130017.WAV
103,488,Jul,11,06:00,20220711_130018.WAV
104,488,Jul,11,06:00,20220711_130019.WAV
105,488,Jul,11,06:00,20220711_130020.WAV
106,488,Jul,11,06:00,20220711_130021.WAV
107,488,Jul,11,06:00,20220711_130022.WAV
108,488,Jul,11,06:00,20220711_130023.WAV
109,488,Jul,11,06:00,20220711_130024.WAV
110,488,Jul,11,06:00,20220711_130025.WAV
111,488,Jul,11,06:00,20220711_130026.WAV
112,488,Jul,11,06:00,20220711_130027.WAV
113,488,Jul,11,06:00,20220711_130028.WAV
114,488,Jul,11,06:00,20220711_130029.WAV
115,488,Jul,11,06:00,20220711_130030.WAV
116,488,Jul,11,06:00,20220711_130031.WAV
117,488,Jul,11,06:00,20220711_130032.WAV
118,488,Jul,11,06:00,20220711_130033.WAV
119,488,Jul,11,06:00,20220711_130034.WAV
120,488,Jul,11,06:00,20220711_130035.WAV
121,488,Jul,11,06:00,20220711_130036.WAV
122,488,Jul,11,06:00,20220711_130037.WAV
123,488,Jul,11,06:00,20220711_130038.WAV
124,488,Jul,11,06:00,20220711_130039.WAV
125,488,Jul,11,06:00,20220711_130040.WAV
126,488,Jul,11,06:00,20220711_130041.WAV
127,488,Jul,11,06:00,20220711_130042.WAV
128,488,Jul,11,06:00,20220711_130043.WAV
129,488,Jul,11,06:00,20220711_130044.WAV
130,488,Jul,11,06:00,20220711_130045.WAV
131,488,Jul,11,06:00,20220711_130046.WAV
132,488,Jul,11,06:00,20220711_130047.WAV
133,488,Jul,11,06:00,20220711_130048.WAV
134,488,Jul,11,06:00,20220711_130049.WAV
135,488,Jul,11,06:00,20220711_130050.WAV
136,488,Jul,11,06:00,20220711_130051.WAV
137,488,Jul,11,06:00,20220711_130052.WAV
138,488,Jul,11,06:00,20220711_130053.WAV
139,488,Jul,11,06:00,20220711_130054.WAV
140,488,Jul,11,06:00,20220711_130055.WAV
141,488,Jul,11,06:00,20220711_130056.WAV
142,488,Jul,11,06:00,20220711_130057.WAV
143,488,Jul,11,06:00,20220711_130058.WAV
144,488,Jul,11,06:00,20220711_130059.WAV
145,488,Jul,11,06:00,20220711_130100.WAV
146,488,Jul,11,06:01,20220711_130101.WAV
147,488,Jul,11,06:01,20220711_130102.WAV
148,488,Jul,11,06:01,20220711_130103.WAV
149,488,Jul,11,06:01,20220711_130104.WAV
150,488,Jul,11,06:01,20220711_130105.WAV
151,488,Jul,11,06:01,20220711_130106.WAV
152,488,Jul,11,06:01,20220711_130107.WAV
153,488,Jul,11,06:01,20220711_130108.WAV
154,488,Jul,11,06:01,20220711_130109.WAV
155,488,Jul,11,06:01,20220711_130110.WAV
156,488,Jul,11,06:01,20220711_130111.WAV
157,488,Jul,11,06:01,20220711_130112.WAV
158,488,Jul,11,06:01,20220711_130113.WAV
159,488,Jul,11,06:01,20220711_130114.WAV
160,488,Jul,11,06:01,20220711_130115.WAV
161,488,Jul,11,06:01,20220711_130116.WAV
162,488,Jul,11,06:01,20220711_130117.WAV
163,488,Jul,11,06:01,20220711_130118.WAV
164,488,Jul,11,06:01,20220711_130119.WAV
165,488,Jul,11,06:01,20220711_130120.WAV
166,488,Jul,11,06:01,20220711_130121.WAV
167,488,Jul,11,06:01,20220711_130122.WAV
168,488,Jul,11,06:01,20220711_130123.WAV
169,488,Jul,11,06:01,20220711_130124.WAV
170,488,Jul,11,06:01,20220711_130125.WAV
171,488,Jul,11,06:01,20220711_130126.WAV
172,488,Jul,11,06:01,20220711_130127.WAV
173,488,Jul,11,06:01,20220711_130128.WAV
174,488,Jul,11,06:01,20220711_130129.WAV
175,488,Jul,11,06:01,20220711_130130.WAV
176,488,Jul,11,06:01,20220711_130131.WAV
177,488,Jul,11,06:01,20220711_130132.WAV
178,488,Jul,11,06:01,20220711_130133.WAV
179,488,Jul,11,06:01,20220711_130134.WAV
180,488,Jul,11,06:01,20220711_130135.WAV
181,488,Jul,11,06:01,20220711_130136.WAV
182,488,Jul,11,06:01,20220711_130137.WAV
183,488,Jul,11,06:01,20220711_130138.WAV
184,488,Jul,11,06:01,20220711_130139.WAV
185,488,Jul,11,06:01,20220711_130140.WAV
186,488,Jul,11,06:01,20220711_130141.WAV
187,488,Jul,11,06:01,20220711_130142.WAV
188,488,Jul,11,06:01,20220711_130143.WAV
189,488,Jul,11,06:01,20220711_130144.WAV
190,488,Jul,11,06:01,20220711_130145.WAV
191,488,Jul,11,06:01,20220711_130146.WAV
192,488,Jul,11,06:01,20220711_130147.WAV
193,488,Jul,11,06:01,20220711_130148.WAV
194,488,Jul,11,06:01,20220711_130149.WAV
195,488,Jul,11,06:01,20220711_130150.WAV
196,488,Jul,11,06:01,20220711_130151.WAV
197,488,Jul,11,06:01,20220711_130152.WAV
198,488,Jul,11,06:01,20220711_130153.WAV
199,488,Jul,11,06:01,20220711_130154.WAV
200,488,Jul,11,06:01,20220711_130155.WAV
201,488,Jul,11,06:01,20220711_130156.WAV
202,488,Jul,11,06:01,20220711_130157.WAV
203,488,Jul,11,06:01,20220711_130158.WAV
204,488,Jul,11,06:01,20220711_130159.WAV
205,488,Jul,11,06:01,20220711_130200.WAV
206,488,Jul,11,06:02,20220711_130201.WAV
207,488,Jul,11,06:02,20220711_130202.WAV
208,488,Jul,11,06:02,20220711_130203.WAV
209,488,Jul,11,06:02,20220711_130204.WAV
210,488,Jul,11,06:02,20220711_130205.WAV
211,488,Jul,11,06:02,20220711_130206.WAV
212,488,Jul,11,06:02,20220711_130207.WAV
213,488,Jul,11,06:02,20220711_130208.WAV
214,488,Jul,11,06:02,20220711_130209.WAV
215,488,Jul,11,06:02,20220711_130210.WAV
216,488,Jul,11,06:02,20220711_130211.WAV
217,488,Jul,11,06:02,20220711_130212.WAV
218,488,Jul,11,06:02,20220711_130213.WAV
219,488,Jul,11,06:02,20220711_130214.WAV
220,488,Jul,11,06:02,20220711_130215.WAV
221,488,Jul,11,06:02,20220711_130216.WAV
222,488,Jul,11,06:02,20220711_130217.WAV
223,488,Jul,11,06:02,20220711_130218.WAV
224,488,Jul,11,06:02,20220711_130219.WAV
225,488,Jul,11,06:02,20220711_130220.WAV
226,488,Jul,11,06:02,20220711_130221.WAV
227,488,Jul,11,06:02,20220711_130222.WAV
228,488,Jul,11,06:02,20220711_130223.WAV
229,488,Jul,11,06:02,20220711_130224.WAV
230,488,Jul,11,06:02,20220711_130225.WAV
231,488,Jul,11,06:02,20220711_130226.WAV
232,488,Jul,11,06:02,20220711_130227.WAV
233,488,Jul,11,06:02,20220711_130228.WAV
234,488,Jul,11,06:02,20220711_130229.WAV
235,488,Jul,11,06:02,20220711_130230.WAV
236,488,Jul,11,06:02,20220711_130231.WAV
237,488,Jul,11,06:02,20220711_130232.WAV
238,488,Jul,11,06:02,20220711_130233.WAV
239,488,Jul,11,06:02,20220711_130234.WAV
240,488,Jul,11,06:02,20220711_130235.WAV
241,488,Jul,11,06:02,20220711_130236.WAV
242,488,Jul,11,06:02,20220711_130237.WAV
243,488,Jul,11,06:02,20220711_130238.WAV
244,488,Jul,11,06:02,20220711_130239.WAV
245,488,Jul,11,06:02,20220711_130240.WAV
246,488,Jul,11,06:02,20220711_130241.WAV
247,488,Jul,11,06:02,20220711_130242.WAV
248,488,Jul,11,06:02,20220711_130243.WAV
249,488,Jul,11,06:02,20220711_130244.WAV
250,488,Jul,11,06:02,20220711_130245.WAV
251,488,Jul,11,06:02,20220711_130246.WAV
252,488,Jul,11,06:02,20220711_130247.WAV
253,488,Jul,11,06:02,20220711_130248.WAV
254,488,Jul,11,06:02,20220711_130249.WAV
255,488,Jul,11,06:02,20220711_130250.WAV
256,488,Jul,11,06:02,20220711_130251.WAV
257,488,Jul,11,06:02,20220711_130252.WAV
258,488,Jul,11,06:02,20220711_130253.WAV
259,488,Jul,11,06:02,20220711_130254.WAV
260,488,Jul,11,06:02,20220711_130255.WAV
261,488,Jul,11,06:02,20220711_130256.WAV
262,488,Jul,11,06:02,20220711_130257.WAV
263,488,Jul,11,06:02,20220711_130258.WAV
264,488,Jul,11,06:02,20220711_130259.WAV
265,488,Jul,11,06:02,20220711_130300.WAV
266,488,Jul,11,06:03,20220711_130301.WAV
267,488,Jul,11,06:03,20220711_130302.WAV
268,488,Jul,11,06:03,20220711_130303.WAV
269,488,Jul,11,06:03,20220711_130304.WAV
270,488,Jul,11,06:03,20220711_130305.WAV
271,488,Jul,11,06:03,20220711_130306.WAV
272,488,Jul,11,06:03,20220711_130307.WAV
273,488,Jul,11,06:03,20220711_130308.WAV
274,488,Jul,11,06:03,20220711_130309.WAV
275,488,Jul,11,06:03,20220711_130310.WAV
276,488,Jul,11,06:03,20220711_130311.WAV
277,488,Jul,11,06:03,20220711_130312.WAV
278,488,Jul,11,06:03,20220711_130313.WAV
279,488,Jul,11,06:03,20220711_130314.WAV
280,488,Jul,11,06:03,20220711_130315.WAV
281,488,Jul,11,06:03,20220711_130316.WAV
282,488,Jul,11,06:03,20220711_130317.WAV
283,488,Jul,11,06:03,20220711_130318.WAV
284,488,Jul,11,06:03,20220711_130319.WAV
285,488,Jul,11,06:03,20220711_130320.WAV
286,488,Jul,11,06:03,20220711_130321.WAV
287,488,Jul,11,06:03,20220711_130322.WAV
288,488,Jul,11,06:03,20220711_130323.WAV
289,488,Jul,11,06:03,20220711_130324.WAV
290,488,Jul,11,06:03,20220711_130325.WAV
291,488,Jul,11,06:03,20220711_130326.WAV
292,488,Jul,11,06:03,20220711_130327.WAV
293,488,Jul,11,06:03,20220711_130328.WAV
294,488,Jul,11,06:03,20220711_130329.WAV
295,488,Jul,11,06:03,20220711_130330.WAV
296,488,Jul,11,06:03,20220711_130331.WAV
297,488,Jul,11,06:03,20220711_130332.WAV
298,488,Jul,11,06:03,20220711_130333.WAV
299,488,Jul,11,06:03,20220711_130334.WAV
300,488,Jul,11,06:03,20220711_130335.WAV
301,488,Jul,11,06:03,20220711_130336.WAV
302,488,Jul,11,06:03,20220711_130337.WAV
303,488,Jul,11,06:03,20220711_130338.WAV
304,488,Jul,11,06:03,20220711_130339.WAV
305,488,Jul,11,06:03,20220711_130340.WAV
306,488,Jul,11,06:03,20220711_130341.WAV
307,488,Jul,11,06:03,20220711_130342.WAV
308,488,Jul,11,06:03,20220711_130343.WAV
309,488,Jul,11,06:03,20220711_130344.WAV
310,488,Jul,11,06:03,20220711_130345.WAV
311,488,Jul,11,06:03,20220711_130346.WAV
312,488,Jul,11,06:03,20220711_130347.WAV
313,488,Jul,11,06:03,20220711_130348.WAV
314,488,Jul,11,06:03,20220711_130349.WAV
315,488,Jul,11,06:03,20220711_130350.WAV
316,488,Jul,11,06:03,20220711_130351.WAV
317,488,Jul,11,06:03,20220711_130352.WAV
318,488,Jul,11,06:03,20220711_130353.WAV
319,488,Jul,11,06:03,20220711_130354.WAV
320,488,Jul,11,06:03,20220711_130355.WAV
321,488,Jul,11,06:03,20220711_130356.WAV
322,488,Jul,11,06:03,20220711_130357.WAV
323,488,Jul,11,06:03,20220711_130358.WAV
324,488,Jul,11,06:03,20220711_130359.WAV
325,488,Jul,11,06:03,20220711_130400.WAV
326,488,Jul,11,06:04,20220711_130401.WAV
327,488,Jul,11,06:04,20220711_130402.WAV
328,488,Jul,11,06:04,20220711_130403.WAV
329,488,Jul,11,06:04,20220711_130404.WAV
330,488,Jul,11,06:04,20220711_130405.WAV
331,488,Jul,11,06:04,20220711_130406.WAV
332,488,Jul,11,06:04,20220711_130407.WAV
333,488,Jul,11,06:04,20220711_130408.WAV
334,488,Jul,11,06:04,20220711_130409.WAV
335,488,Jul,11,06:04,20220711_130410.WAV
336,488,Jul,11,06:04,20220711_130411.WAV
337,488,Jul,11,06:04,20220711_130412.WAV
338,488,Jul,11,06:04,20220711_130413.WAV
339,488,Jul,11,06:04,20220711_130414.WAV
340,488,Jul,11,06:04,20220711_130415.WAV
341,488,Jul,11,06:04,20220711_130416.WAV
342,488,Jul,11,06:04,20220711_130417.WAV
343,488,Jul,11,06:04,20220711_130418.WAV
344,488,Jul,11,06:04,20220711_130419.WAV
345,488,Jul,11,06:04,20220711_130420.WAV
346,488,Jul,11,06:04,20220711_130421.WAV
347,488,Jul,11,06:04,20220711_130422.WAV
348,488,Jul,11,06:04,20220711_130423.WAV
349,488,Jul,11,06:04,20220711_130424.WAV
350,488,Jul,11,06:04,20220711_130425.WAV
351,488,Jul,11,06:04,20220711_130426.WAV
352,488,Jul,11,06:04,20220711_130427.WAV
353,488,Jul,11,06:04,20220711_130428.WAV
354,488,Jul,11,06:04,20220711_130429.WAV
355,488,Jul,11,06:04,20220711_130430.WAV
356,488,Jul,11,06:04,20220711_130431.WAV
357,488,Jul,11,06:04,20220711_130432.WAV
358,488,Jul,11,06:04,20220711_130433.WAV
359,488,Jul,11,06:04,20220711_130434.WAV
360,488,Jul,11,06:04,20220711_130435.WAV
361,488,Jul,11,06:04,20220711_130436.WAV
362,488,Jul,11,06:04,20220711_130437.WAV
363,488,Jul,11,06:04,20220711_130438.WAV
364,488,Jul,11,06:04,20220711_130439.WAV
365,488,Jul,11,06:04,20220711_130440.WAV
366,488,Jul,11,06:04,20220711_130441.WAV
367,488,Jul,11,06:04,20220711_130442.WAV
368,488,Jul,11,06:04,20220711_130443.WAV
369,488,Jul,11,06:04,20220711_130444.WAV
370,488,Jul,11,06:04,20220711_130445.WAV
371,488,Jul,11,06:04,20220711_130446.WAV
372,488,Jul,11,06:04,20220711_130447.WAV
373,488,Jul,11,06:04,20220711_130448.WAV
374,488,Jul,11,06:04,20220711_130449.WAV
375,488,Jul,11,06:04,20220711_130450.WAV
376,488,Jul,11,06:04,20220711_130451.WAV
377,488,Jul,11,06:04,20220711_130452.WAV
378,488,Jul,11,06:04,20220711_130453.WAV
379,488,Jul,11,06:04,20220711_130454.WAV
380,488,Jul,11,06:04,20220711_130455.WAV
381,488,Jul,11,06:04,20220711_130456.WAV
382,488,Jul,11,06:04,20220711_130457.WAV
383,488,Jul,11,06:04,20220711_130458.WAV
384,488,Jul,11,06:04,20220711_130459.WAV
385,488,Jul,11,06:04,20220711_130500.WAV
386,488,Jul,11,06:05,20220711_130501.WAV
387,488,Jul,11,06:05,20220711_130502.WAV
388,488,Jul,11,06:05,20220711_130503.WAV
389,488,Jul,11,06:05,20220711_130504.WAV
390,488,Jul,11,06:05,20220711_130505.WAV
391,488,Jul,11,06:05,20220711_130506.WAV
392,488,Jul,11,06:05,20220711_130507.WAV
393,488,Jul,11,06:05,20220711_130508.WAV
394,488,Jul,11,06:05,20220711_130509.WAV
395,488,Jul,11,06:05,20220711_130510.WAV
396,488,Jul,11,06:05,20220711_130511.WAV
397,488,Jul,11,06:05,20220711_130512.WAV
398,488,Jul,11,06:05,20220711_130513.WAV
399,488,Jul,11,06:05,20220711_130514.WAV
400,488,Jul,11,06:05,20220711_130515.WAV
401,488,Jul,11,06:05,20220711_130516.WAV
402,488,Jul,11,06:05,20220711_130517.WAV
403,488,Jul,11,06:05,20220711_130518.WAV
404,488,Jul,11,06:05,20220711_130519.WAV
405,488,Jul,11,06:05,20220711_130520.WAV
406,488,Jul,11,06:05,20220711_130521.WAV
407,488,Jul,11,06:05,20220711_130522.WAV
408,488,Jul,11,06:05,20220711_130523.WAV
409,488,Jul,11,06:05,20220711_130524.WAV
410,488,Jul,11,06:05,20220711_130525.WAV
411,488,Jul,11,06:05,20220711_130526.WAV
412,488,Jul,11,06:05,20220711_130527.WAV
413,488,Jul,11,06:05,20220711_130528.WAV
414,488,Jul,11,06:05,20220711_130529.WAV
415,488,Jul,11,06:05,20220711_130530.WAV
416,488,Jul,11,06:05,20220711_130531.WAV
417,488,Jul,11,06:05,20220711_130532.WAV
418,488,Jul,11,06:05,20220711_130533.WAV
419,488,Jul,11,06:05,20220711_130534.WAV
420,488,Jul,11,06:05,20220711_130535.WAV
421,488,Jul,11,06:05,20220711_130536.WAV
422,488,Jul,11,06:05,20220711_130537.WAV
423,488,Jul,11,06:05,20220711_130538.WAV
424,488,Jul,11,06:05,20220711_130539.WAV
425,488,Jul,11,06:05,20220711_130540.WAV
426,488,Jul,11,06:05,20220711_130541.WAV
427,488,Jul,11,06:05,20220711_130542.WAV
428,488,Jul,11,06:05,20220711_130543.WAV
429,488,Jul,11,06:05,20220711_130544.WAV
430,488,Jul,11,06:05,20220711_130545.WAV
431,488,Jul,11,06:05,20220711_130546.WAV
432,488,Jul,11,06:05,20220711_130547.WAV
433,488,Jul,11,06:05,20220711_130548.WAV
434,488,Jul,11,06:05,20220711_130549.WAV
435,488,Jul,11,06:05,20220711_130550.WAV
436,488,Jul,11,06:05,20220711_130551.WAV
437,488,Jul,11,06:05,20220711_130552.WAV
438,488,Jul,11,06:05,20220711_130553.WAV
439,488,Jul,11,06:05,20220711_130554.WAV
440,488,Jul,11,06:05,20220711_130555.WAV
441,488,Jul,11,06:05,20220711_130556.WAV
442,488,Jul,11,06:05,20220711_130557.WAV
443,488,Jul,11,06:05,20220711_130558.WAV
444,488,Jul,11,06:05,20220711_130559.WAV
445,488,Jul,11,06:05,20220711_130600.WAV
446,488,Jul,11,06:06,20220711_130601.WAV
447,488,Jul,11,06:06,20220711_130602.WAV
448,488,Jul,11,06:06,20220711_130603.WAV
449,488,Jul,11,06:06,20220711_130604.WAV
450,488,Jul,11,06:06,20220711_130605.WAV
451,488,Jul,11,06:06,20220711_130606.WAV
452,488,Jul,11,06:06,20220711_130607.WAV
453,488,Jul,11,06:06,20220711_130608.WAV
454,488,Jul,11,06:06,20220711_130609.WAV
455,488,Jul,11,06:06,20220711_130610.WAV
456,488,Jul,11,06:06,20220711_130611.WAV
457,488,Jul,11,06:06,20220711_130612.WAV
458,488,Jul,11,06:06,20220711_130613.WAV
459,488,Jul,11,06:06,20220711_130614.WAV
460,488,Jul,11,06:06,20220711_130615.WAV
461,488,Jul,11,06:06,20220711_130616.WAV
462,488,Jul,11,06:06,20220711_130617.WAV
463,488,Jul,11,06:06,20220711_130618.WAV
464,488,Jul,11,06:06,20220711_130619.WAV
465,488,Jul,11,06:06,20220711_130620.WAV
466,488,Jul,11,06:06,20220711_130621.WAV
467,488,Jul,11,06:06,20220711_130622.WAV
468,488,Jul,11,06:06,20220711_130623.WAV
469,488,Jul,11,06:06,20220711_130624.WAV
470,488,Jul,11,06:06,20220711_130625.WAV
471,488,Jul,11,06:06,20220711_130626.WAV
472,488,Jul,11,06:06,20220711_130627.WAV
473,488,Jul,11,06:06,20220711_130628.WAV
474,488,Jul,11,06:06,20220711_130629.WAV
475,488,Jul,11,06:06,20220711_130630.WAV
476,488,Jul,11,06:06,20220711_130631.WAV
477,488,Jul,11,06:06,20220711_130632.WAV
478,488,Jul,11,06:06,20220711_130633.WAV
479,488,Jul,11,06:06,20220711_130634.WAV
480,488,Jul,11,06:06,20220711_130635.WAV
481,488,Jul,11,06:06,20220711_130636.WAV
482,488,Jul,11,06:06,20220711_130637.WAV
483,488,Jul,11,06:06,20220711_130638.WAV
484,488,Jul,11,06:06,20220711_130639.WAV
485,488,Jul,11,06:06,20220711_130640.WAV
486,488,Jul,11,06:06,20220711_130641.WAV
487,488,Jul,11,06:06,20220711_130642.WAV
488,488,Jul,11,06:06,20220711_130643.WAV
489,488,Jul,11,06:06,20220711_130644.WAV
490,488,Jul,11,06:06,20220711_130645.WAV
491,488,Jul,11,06:06,20220711_130646.WAV
492,488,Jul,11,06:06,20220711_130647.WAV
493,488,Jul,11,06:06,20220711_130648.WAV
494,488,Jul,11,06:06,20220711_130649.WAV
495,488,Jul,11,06:06,20220711_130650.WAV
496,488,Jul,11,06:06,20220711_130651.WAV
497,488,Jul,11,06:06,20220711_130652.WAV
498,488,Jul,11,06:06,20220711_130653.WAV
499,488,Jul,11,06:06,20220711_130654.WAV
500,488,Jul,11,06:06,20220711_130655.WAV
501,488,Jul,11,06:06,20220711_130656.WAV
502,488,Jul,11,06:06,20220711_130657.WAV
503,488,Jul,11,06:06,20220711_130658.WAV
504,488,Jul,11,06:06,20220711_130659.WAV
505,488,Jul,11,06:06,20220711_130700.WAV
506,488,Jul,11,06:07,20220711_130701.WAV
507,488,Jul,11,06:07,20220711_130702.WAV
508,488,Jul,11,06:07,20220711_130703.WAV
509,488,Jul,11,06:07,20220711_130704.WAV
510,488,Jul,11,06:07,20220711_130705.WAV
511,488,Jul,11,06:07,20220711_130706.WAV
512,488,Jul,11,06:07,20220711_130707.WAV
513,488,Jul,11,06:07,20220711_130708.WAV
514,488,Jul,11,06:07,20220711_130709.WAV
515,488,Jul,11,06:07,20220711_130710.WAV
516,488,Jul,11,06:07,20220711_130711.WAV
517,488,Jul,11,06:07,20220711_130712.WAV
518,488,Jul,11,06:07,20220711_130713.WAV
519,488,Jul,11,06:07,20220711_130714.WAV
520,488,Jul,11,06:07,20220711_130715.WAV
521,488,Jul,11,06:07,20220711_130716.WAV
522,488,Jul,11,06:07,20220711_130717.WAV
523,488,Jul,11,06:07,20220711_130718.WAV
524,488,Jul,11,06:07,20220711_130719.WAV
525,488,Jul,11,06:07,20220711_130720.WAV
526,488,Jul,11,06:07,20220711_130721.WAV
527,488,Jul,11,06:07,20220711_130722.WAV
528,488,Jul,11,06:07,20220711_130723.WAV
529,488,Jul,11,06:07,20220711_130724.WAV
530,488,Jul,11,06:07,20220711_130725.WAV
531,488,Jul,11,06:07,20220711_130726.WAV
532,488,Jul,11,06:07,20220711_130727.WAV
533,488,Jul,11,06:07,20220711_130728.WAV
534,488,Jul,11,06:07,20220711_130729.WAV
535,488,Jul,11,06:07,20220711_130730.WAV
536,488,Jul,11,06:07,20220711_130731.WAV
537,488,Jul,11,06:07,20220711_130732.WAV
538,488,Jul,11,06:07,20220711_130733.WAV
539,488,Jul,11,06:07,20220711_130734.WAV
540,488,Jul,11,06:07,20220711_130735.WAV
541,488,Jul,11,06:07,20220711_130736.WAV
542,488,Jul,11,06:07,20220711_130737.WAV
543,488,Jul,11,06:07,20220711_130738.WAV
544,488,Jul,11,06:07,20220711_130739.WAV
545,488,Jul,11,06:07,20220711_130740.WAV
546,488,Jul,11,06:07,20220711_130741.WAV
547,488,Jul,11,06:07,20220711_130742.WAV
548,488,Jul,11,06:07,20220711_130743.WAV
549,488,Jul,11,06:07,20220711_130744.WAV
550,488,Jul,11,06:07,20220711_130745.WAV
551,488,Jul,11,06:07,20220711_130746.WAV
552,488,Jul,11,06:07,20220711_130747.WAV
553,488,Jul,11,06:07,20220711_130748.WAV
554,488,Jul,11,06:07,20220711_130749.WAV
555,488,Jul,11,06:07,20220711_130750.WAV
556,488,Jul,11,06:07,20220711_130751.WAV
557,488,Jul,11,06:07,20220711_130752.WAV
558,488,Jul,11,06:07,20220711_130753.WAV
559,488,Jul,11,06:07,20220711_130754.WAV
560,488,Jul,11,06:07,20220711_130755.WAV
561,488,Jul,11,06:07,20220711_130756.WAV
562,488,Jul,11,06:07,20220711_130757.WAV
563,488,Jul,11,06:07,20220711_130758.WAV
564,488,Jul,11,06:07,20220711_130759.WAV
565,488,Jul,11,06:07,20220711_130800.WAV
566,488,Jul,11,06:08,20220711_130801.WAV
567,488,Jul,11,06:08,20220711_130802.WAV
568,488,Jul,11,06:08,20220711_130803.WAV
569,488,Jul,11,06:08,20220711_130804.WAV
570,488,Jul,11,06:08,20220711_130805.WAV
571,488,Jul,11,06:08,20220711_130806.WAV
572,488,Jul,11,06:08,20220711_130807.WAV
573,488,Jul,11,06:08,20220711_130808.WAV
574,488,Jul,11,06:08,20220711_130809.WAV
575,488,Jul,11,06:08,20220711_130810.WAV
576,488,Jul,11,06:08,20220711_130811.WAV
577,488,Jul,11,06:08,20220711_130812.WAV
578,488,Jul,11,06:08,20220711_130813.WAV
579,488,Jul,11,06:08,20220711_130814.WAV
580,488,Jul,11,06:08,20220711_130815.WAV
581,488,Jul,11,06:08,20220711_130816.WAV
582,488,Jul,11,06:08,20220711_130817.WAV
583,488,Jul,11,06:08,20220711_130818.WAV
584,488,Jul,11,06:08,20220711_130819.WAV
585,488,Jul,11,06:08,20220711_130820.WAV
586,488,Jul,11,06:08,20220711_130821.WAV
587,488,Jul,11,06:08,20220711_130822.WAV
588,488,Jul,11,06:08,20220711_130823.WAV
589,488,Jul,11,06:08,20220711_130824.WAV
590,488,Jul,11,06:08,20220711_130825.WAV
591,488,Jul,11,06:08,20220711_130826.WAV
592,488,Jul,11,06:08,20220711_130827.WAV
593,488,Jul,11,06:08,20220711_130828.WAV
594,488,Jul,11,06:08,20220711_130829.WAV
595,488,Jul,11,06:08,20220711_130830.WAV
596,488,Jul,11,06:08,20220711_130831.WAV
597,488,Jul,11,06:08,20220711_130832.WAV
598,488,Jul,11,06:08,20220711_130833.WAV
599,488,Jul,11,06:08,20220711_130834.WAV
600,488,Jul,11,06:08,20220711_130835.WAV
601,488,Jul,11,06:08,20220711_130836.WAV
602,488,Jul,11,06:08,20220711_130837.WAV
603,488,Jul,11,06:08,20220711_130838.WAV
604,488,Jul,11,06:08,20220711_130839.WAV
605,488,Jul,11,06:08,20220711_130840.WAV
606,488,Jul,11,06:08,20220711_130841.WAV
607,488,Jul,11,06:08,20220711_130842.WAV
608,488,Jul,11,06:08,20220711_130843.WAV
609,488,Jul,11,06:08,20220711_130844.WAV
610,488,Jul,11,06:08,20220711_130845.WAV
611,488,Jul,11,06:08,20220711_130846.WAV
612,488,Jul,11,06:08,20220711_130847.WAV
613,488,Jul,11,06:08,20220711_130848.WAV
614,488,Jul,11,06:08,20220711_130849.WAV
615,488,Jul,11,06:08,20220711_130850.WAV
616,488,Jul,11,06:08,20220711_130851.WAV
617,488,Jul,11,06:08,20220711_130852.WAV
618,488,Jul,11,06:08,20220711_130853.WAV
619,488,Jul,11,06:08,20220711_130854.WAV
620,488,Jul,11,06:08,20220711_130855.WAV
621,488,Jul,11,06:08,20220711_130856.WAV
622,488,Jul,11,06:08,20220711_130857.WAV
623,488,Jul,11,06:08,20220711_130858.WAV
624,488,Jul,11,06:08,20220711_130859.WAV
625,488,Jul,11,06:08,20220711_130900.WAV
626,488,Jul,11,06:09,20220711_130901.WAV
627,488,Jul,11,06:09,20220711_130902.WAV
628,488,Jul,11,06:09,20220711_130903.WAV
629,488,Jul,11,06:09,20220711_130904.WAV
630,488,Jul,11,06:09,20220711_130905.WAV
631,488,Jul,11,06:09,20220711_130906.WAV
632,488,Jul,11,06:09,20220711_130907.WAV
633,488,Jul,11,06:09,20220711_130908.WAV
634,488,Jul,11,06:09,20220711_130909.WAV
635,488,Jul,11,06:09,20220711_130910.WAV
636,488,Jul,11,06:09,20220711_130911.WAV
637,488,Jul,11,06:09,20220711_130912.WAV
638,488,Jul,11,06:09,20220711_130913.WAV
639,488,Jul,11,06:09,20220711_130914.WAV
640,488,Jul,11,06:09,20220711_130915.WAV
641,488,Jul,11,06:09,20220711_130916.WAV
642,488,Jul,11,06:09,20220711_130917.WAV
643,488,Jul,11,06:09,20220711_130918.WAV
644,488,Jul,11,06:09,20220711_130919.WAV
645,488,Jul,11,06:09,20220711_130920.WAV
646,488,Jul,11,06:09,20220711_130921.WAV
647,488,Jul,11,06:09,20220711_130922.WAV
648,488,Jul,11,06:09,20220711_130923.WAV
649,488,Jul,11,06:09,20220711_130924.WAV
650,488,Jul,11,06:09,20220711_130925.WAV
651,488,Jul,11,06:09,20220711_130926.WAV
652,488,Jul,11,06:09,20220711_130927.WAV
653,488,Jul,11,06:09,20220711_130928.WAV
654,488,Jul,11,06:09,20220711_130929.WAV
655,488,Jul,11,06:09,20220711_130930.WAV
656,488,Jul,11,06:09,20220711_130931.WAV
657,488,Jul,11,06:09,20220711_130932.WAV
658,488,Jul,11,06:09,20220711_130933.WAV
659,488,Jul,11,06:09,20220711_130934.WAV
660,488,Jul,11,06:09,20220711_130935.WAV
661,488,Jul,11,06:09,20220711_130936.WAV
662,488,Jul,11,06:09,20220711_130937.WAV
663,488,Jul,11,06:09,20220711_130938.WAV
664,488,Jul,11,06:09,20220711_130939.WAV
665,488,Jul,11,06:09,20220711_130940.WAV
666,488,Jul,11,06:09,20220711_130941.WAV
667,488,Jul,11,06:09,20220711_130942.WAV
668,488,Jul,11,06:09,20220711_130943.WAV
669,488,Jul,11,06:09,20220711_130944.WAV
670,488,Jul,11,06:09,20220711_130945.WAV
671,488,Jul,11,06:09,20220711_130946.WAV
672,488,Jul,11,06:09,20220711_130947.WAV
673,488,Jul,11,06:09,20220711_130948.WAV
674,488,Jul,11,06:09,20220711_130949.WAV
675,488,Jul,11,06:09,20220711_130950.WAV
676,488,Jul,11,06:09,20220711_130951.WAV
677,488,Jul,11,06:09,20220711_130952.WAV
678,488,Jul,11,06:09,20220711_130953.WAV
679,488,Jul,11,06:09,20220711_130954.WAV
680,488,Jul,11,06:09,20220711_130955.WAV
681,488,Jul,11,06:09,20220711_130956.WAV
682,488,Jul,11,06:09,20220711_130957.WAV
683,488,Jul,11,06:09,20220711_130958.WAV
684,488,Jul,11,06:09,20220711_130959.WAV
685,488,Jul,11,06:09,20220711_131000.WAV
686,488,Jul,11,06:10,20220711_131001.WAV
687,488,Jul,11,06:10,20220711_131002.WAV
688,488,Jul,11,06:10,20220711_131003.WAV
689,488,Jul,11,06:10,20220711_131004.WAV
690,488,Jul,11,06:10,20220711_131005.WAV
691,488,Jul,11,06:10,20220711_131006.WAV
692,488,Jul,11,06:10,20220711_131007.WAV
693,488,Jul,11,06:10,20220711_131008.WAV
694,488,Jul,11,06:10,20220711_131009.WAV
695,488,Jul,11,06:10,20220711_131010.WAV
696,488,Jul,11,06:10,20220711_131011.WAV
697,488,Jul,11,06:10,20220711_131012.WAV
698,488,Jul,11,06:10,20220711_131013.WAV
699,488,Jul,11,06:10,20220711_131014.WAV
700,488,Jul,11,06:10,20220711_131015.WAV
701,488,Jul,11,06:10,20220711_131016.WAV
702,488,Jul,11,06:10,20220711_131017.WAV
703,488,Jul,11,06:10,20220711_131018.WAV
704,488,Jul,11,06:10,20220711_131019.WAV
705,488,Jul,11,06:10,20220711_131020.WAV
706,488,Jul,11,06:10,20220711_131021.WAV
707,488,Jul,11,06:10,20220711_131022.WAV
708,488,Jul,11,06:10,20220711_131023.WAV
709,488,Jul,11,06:10,20220711_131024.WAV
710,488,Jul,11,06:10,20220711_131025.WAV
711,488,Jul,11,06:10,20220711_131026.WAV
712,488,Jul,11,06:10,20220711_131027.WAV
713,488,Jul,11,06:10,20220711_131028.WAV
714,488,Jul,11,06:10,20220711_131029.WAV
715,488,Jul,11,06:10,20220711_131030.WAV
716,488,Jul,11,06:10,20220711_131031.WAV
717,488,Jul,11,06:10,20220711_131032.WAV
718,488,Jul,11,06:10,20220711_131033.WAV
719,488,Jul,11,06:10,20220711_131034.WAV
720,488,Jul,11,06:10,20220711_131035.WAV
721,488,Jul,11,06:10,20220711_131036.WAV
722,488,Jul,11,06:10,20220711_131037.WAV
723,488,Jul,11,06:10,20220711_131038.WAV
724,488,Jul,11,06:10,20220711_131039.WAV
725,488,Jul,11,06:10,20220711_131040.WAV
726,488,Jul,11,06:10,20220711_131041.WAV
727,488,Jul,11,06:10,20220711_131042.WAV
728,488,Jul,11,06:10,20220711_131043.WAV
729,488,Jul,11,06:10,20220711_131044.WAV
730,488,Jul,11,06:10,20220711_131045.WAV
731,488,Jul,11,06:10,20220711_131046.WAV
732,488,Jul,11,06:10,20220711_131047.WAV
733,488,Jul,11,06:10,20220711_131048.WAV
734,488,Jul,11,06:10,20220711_131049.WAV
735,488,Jul,11,06:10,20220711_131050.WAV
736,488,Jul,11,06:10,20220711_131051.WAV
737,488,Jul,11,06:10,20220711_131052.WAV
738,488,Jul,11,06:10,20220711_131053.WAV
739,488,Jul,11,06:10,20220711_131054.WAV
740,488,Jul,11,06:10,20220711_131055.WAV
741,488,Jul,11,06:10,20220711_131056.WAV
742,488,Jul,11,06:10,20220711_131057.WAV
743,488,Jul,11,06:10,20220711_131058.WAV
744,488,Jul,11,06:10,20220711_131059.WAV
745,488,Jul,11,06:10,20220711_131100.WAV
746,488,Jul,11,06:11,20220711_131101.WAV
747,488,Jul,11,06:11,20220711_131102.WAV
748,488,Jul,11,06:11,20220711_131103.WAV
749,488,Jul,11,06:11,20220711_131104.WAV
750,488,Jul,11,06:11,20220711_131105.WAV
751,488,Jul,11,06:11,20220711_131106.WAV
752,488,Jul,11,06:11,20220711_131107.WAV
753,488,Jul,11,06:11,20220711_131108.WAV
754,488,Jul,11,06:11,20220711_131109.WAV
755,488,Jul,11,06:11,20220711_131110.WAV
756,488,Jul,11,06:11,20220711_131111.WAV
757,488,Jul,11,06:11,20220711_131112.WAV
758,488,Jul,11,06:11,20220711_131113.WAV
759,488,Jul,11,06:11,20220711_131114.WAV
760,488,Jul,11,06:11,20220711_131115.WAV
761,488,Jul,11,06:11,20220711_131116.WAV
762,488,Jul,11,06:11,20220711_131117.WAV
763,488,Jul,11,06:11,20220711_131118.WAV
764,488,Jul,11,06:11,20220711_131119.WAV
765,488,Jul,11,06:11,20220711_131120.WAV
766,488,Jul,11,06:11,20220711_131121.WAV
767,488,Jul,11,06:11,20220711_131122.WAV
768,488,Jul,11,06:11,20220711_131123.WAV
769,488,Jul,11,06:11,20220711_131124.WAV
770,488,Jul,11,06:11,20220711_131125.WAV
771,488,Jul,11,06:11,20220711_131126.WAV
772,488,Jul,11,06:11,20220711_131127.WAV
773,488,Jul,11,06:11,20220711_131128.WAV
774,488,Jul,11,06:11,20220711_131129.WAV
775,488,Jul,11,06:11,20220711_131130.WAV
776,488,Jul,11,06:11,20220711_131131.WAV
777,488,Jul,11,06:11,20220711_131132.WAV
778,488,Jul,11,06:11,20220711_131133.WAV
779,488,Jul,11,06:11,20220711_131134.WAV
780,488,Jul,11,06:11,20220711_131135.WAV
781,488,Jul,11,06:11,20220711_131136.WAV
782,488,Jul,11,06:11,20220711_131137.WAV
783,488,Jul,11,06:11,20220711_131138.WAV
784,488,Jul,11,06:11,20220711_131139.WAV
785,488,Jul,11,06:11,20220711_131140.WAV
786,488,Jul,11,06:11,20220711_131141.WAV
787,488,Jul,11,06:11,20220711_131142.WAV
788,488,Jul,11,06:11,20220711_131143.WAV
789,488,Jul,11,06:11,20220711_131144.WAV
790,488,Jul,11,06:11,20220711_131145.WAV
791,488,Jul,11,06:11,20220711_131146.WAV
792,488,Jul,11,06:11,20220711_131147.WAV
793,488,Jul,11,06:11,20220711_131148.WAV
794,488,Jul,11,06:11,20220711_131149.WAV
795,488,Jul,11,06:11,20220711_131150.WAV
796,488,Jul,11,06:11,20220711_131151.WAV
797,488,Jul,11,06:11,20220711_131152.WAV
798,488,Jul,11,06:11,20220711_131153.WAV
799,488,Jul,11,06:11,20220711_131154.WAV
800,488,Jul,11,06:11,20220711_131155.WAV
801,488,Jul,11,06:11,20220711_131156.WAV
802,488,Jul,11,06:11,20220711_131157.WAV
803,488,Jul,11,06:11,20220711_131158.WAV
804,488,Jul,11,06:11,20220711_131159.WAV
805,488,Jul,11,06:11,20220711_131200.WAV
806,488,Jul,11,06:12,20220711_131201.WAV
807,488,Jul,11,06:12,20220711_131202.WAV
808,488,Jul,11,06:12,20220711_131203.WAV
809,488,Jul,11,06:12,20220711_131204.WAV
810,488,Jul,11,06:12,20220711_131205.WAV
811,488,Jul,11,06:12,20220711_131206.WAV
812,488,Jul,11,06:12,20220711_131207.WAV
813,488,Jul,11,06:12,20220711_131208.WAV
814,488,Jul,11,06:12,20220711_131209.WAV
815,488,Jul,11,06:12,20220711_131210.WAV
816,488,Jul,11,06:12,20220711_131211.WAV
817,488,Jul,11,06:12,20220711_131212.WAV
818,488,Jul,11,06:12,20220711_131213.WAV
819,488,Jul,11,06:12,20220711_131214.WAV
820,488,Jul,11,06:12,20220711_131215.WAV
821,488,Jul,11,06:12,20220711_131216.WAV
822,488,Jul,11,06:12,20220711_131217.WAV
823,488,Jul,11,06:12,20220711_131218.WAV
824,488,Jul,11,06:12,20220711_131219.WAV
825,488,Jul,11,06:12,20220711_131220.WAV
826,488,Jul,11,06:12,20220711_131221.WAV
827,488,Jul,11,06:12,20220711_131222.WAV
828,488,Jul,11,06:12,20220711_131223.WAV
829,488,Jul,11,06:12,20220711_131224.WAV
830,488,Jul,11,06:12,20220711_131225.WAV
831,488,Jul,11,06:12,20220711_131226.WAV
832,488,Jul,11,06:12,20220711_131227.WAV
833,488,Jul,11,06:12,20220711_131228.WAV
834,488,Jul,11,06:12,20220711_131229.WAV
835,488,Jul,11,06:12,20220711_131230.WAV
836,488,Jul,11,06:12,20220711_131231.WAV
837,488,Jul,11,06:12,20220711_131232.WAV
838,488,Jul,11,06:12,20220711_131233.WAV
839,488,Jul,11,06:12,20220711_131234.WAV
840,488,Jul,11,06:12,20220711_131235.WAV
841,488,Jul,11,06:12,20220711_131236.WAV
842,488,Jul,11,06:12,20220711_131237.WAV
843,488,Jul,11,06:12,20220711_131238.WAV
844,488,Jul,11,06:12,20220711_131239.WAV
845,488,Jul,11,06:12,20220711_131240.WAV
846,488,Jul,11,06:12,20220711_131241.WAV
847,488,Jul,11,06:12,20220711_131242.WAV
848,488,Jul,11,06:12,20220711_131243.WAV
849,488,Jul,11,06:12,20220711_131244.WAV
850,488,Jul,11,06:12,20220711_131245.WAV
851,488,Jul,11,06:12,20220711_131246.WAV
852,488,Jul,11,06:12,20220711_131247.WAV
853,488,Jul,11,06:12,20220711_131248.WAV
854,488,Jul,11,06:12,20220711_131249.WAV
855,488,Jul,11,06:12,20220711_131250.WAV
856,488,Jul,11,06:12,20220711_131251.WAV
857,488,Jul,11,06:12,20220711_131252.WAV
858,488,Jul,11,06:12,20220711_131253.WAV
859,488,Jul,11,06:12,20220711_131254.WAV
860,488,Jul,11,06:12,20220711_131255.WAV
861,488,Jul,11,06:12,20220711_131256.WAV
862,488,Jul,11,06:12,20220711_131257.WAV
863,488,Jul,11,06:12,20220711_131258.WAV
864,488,Jul,11,06:12,20220711_131259.WAV
865,488,Jul,11,06:12,20220711_131300.WAV
866,488,Jul,11,06:13,20220711_131301.WAV
867,488,Jul,11,06:13,20220711_131302.WAV
868,488,Jul,11,06:13,20220711_131303.WAV
869,488,Jul,11,06:13,20220711_131304.WAV
870,488,Jul,11,06:13,20220711_131305.WAV
871,488,Jul,11,06:13,20220711_131306.WAV
872,488,Jul,11,06:13,20220711_131307.WAV
873,488,Jul,11,06:13,20220711_131308.WAV
874,488,Jul,11,06:13,20220711_131309.WAV
875,488,Jul,11,06:13,20220711_131310.WAV
876,488,Jul,11,06:13,20220711_131311.WAV
877,488,Jul,11,06:13,20220711_131312.WAV
878,488,Jul,11,06:13,20220711_131313.WAV
879,488,Jul,11,06:13,20220711_131314.WAV
880,488,Jul,11,06:13,20220711_131315.WAV
881,488,Jul,11,06:13,20220711_131316.WAV
882,488,Jul,11,06:13,20220711_131317.WAV
883,488,Jul,11,06:13,20220711_131318.WAV
884,488,Jul,11,06:13,20220711_131319.WAV
885,488,Jul,11,06:13,20220711_131320.WAV
886,488,Jul,11,06:13,20220711_131321.WAV
887,488,Jul,11,06:13,20220711_131322.WAV
888,488,Jul,11,06:13,20220711_131323.WAV
889,488,Jul,11,06:13,20220711_131324.WAV
890,488,Jul,11,06:13,20220711_131325.WAV
891,488,Jul,11,06:13,20220711_131326.WAV
892,488,Jul,11,06:13,20220711_131327.WAV
893,488,Jul,11,06:13,20220711_131328.WAV
894,488,Jul,11,06:13,20220711_131329.WAV
895,488,Jul,11,06:13,20220711_131330.WAV
896,488,Jul,11,06:13,20220711_131331.WAV
897,488,Jul,11,06:13,20220711_131332.WAV
898,488,Jul,11,06:13,20220711_131333.WAV
899,488,Jul,11,06:13,20220711_131334.WAV
900,488,Jul,11,06:13,20220711_131335.WAV
901,488,Jul,11,06:13,20220711_131336.WAV
902,488,Jul,11,06:13,20220711_131337.WAV
903,488,Jul,11,06:13,20220711_131338.WAV
904,488,Jul,11,06:13,20220711_131339.WAV
905,488,Jul,11,06:13,20220711_131340.WAV
906,488,Jul,11,06:13,20220711_131341.WAV
907,488,Jul,11,06:13,20220711_131342.WAV
908,488,Jul,11,06:13,20220711_131343.WAV
909,488,Jul,11,06:13,20220711_131344.WAV
910,488,Jul,11,06:13,20220711_131345.WAV
911,488,Jul,11,06:13,20220711_131346.WAV
912,488,Jul,11,06:13,20220711_131347.WAV
913,488,Jul,11,06:13,20220711_131348.WAV
914,488,Jul,11,06:13,20220711_131349.WAV
915,488,Jul,11,06:13,20220711_131350.WAV
916,488,Jul,11,06:13,20220711_131351.WAV
917,488,Jul,11,06:13,20220711_131352.WAV
918,488,Jul,11,06:13,20220711_131353.WAV
919,488,Jul,11,06:13,20220711_131354.WAV
920,488,Jul,11,06:13,20220711_131355.WAV
921,488,Jul,11,06:13,20220711_131356.WAV
922,488,Jul,11,06:13,20220711_131357.WAV
923,488,Jul,11,06:13,20220711_131358.WAV
924,488,Jul,11,06:13,20220711_131359.WAV
925,488,Jul,11,06:13,20220711_131400.WAV
926,488,Jul,11,06:14,20220711_131401.WAV
927,488,Jul,11,06:14,20220711_131402.WAV
928,488,Jul,11,06:14,20220711_131403.WAV
929,488,Jul,11,06:14,20220711_131404.WAV
930,488,Jul,11,06:14,20220711_131405.WAV
931,488,Jul,11,06:14,20220711_131406.WAV
932,488,Jul,11,06:14,20220711_131407.WAV
933,488,Jul,11,06:14,20220711_131408.WAV
934,488,Jul,11,06:14,20220711_131409.WAV
935,488,Jul,11,06:14,20220711_131410.WAV
936,488,Jul,11,06:14,20220711_131411.WAV
937,488,Jul,11,06:14,20220711_131412.WAV
938,488,Jul,11,06:14,20220711_131413.WAV
939,488,Jul,11,06:14,20220711_131414.WAV
940,488,Jul,11,06:14,20220711_131415.WAV
941,488,Jul,11,06:14,20220711_131416.WAV
942,488,Jul,11,06:14,20220711_131417.WAV
943,488,Jul,11,06:14,20220711_131418.WAV
944,488,Jul,11,06:14,20220711_131419.WAV
945,488,Jul,11,06:14,20220711_131420.WAV
946,488,Jul,11,06:14,20220711_131421.WAV
947,488,Jul,11,06:14,20220711_131422.WAV
948,488,Jul,11,06:14,20220711_131423.WAV
949,488,Jul,11,06:14,20220711_131424.WAV
950,488,Jul,11,06:14,20220711_131425.WAV
951,488,Jul,11,06:14,20220711_131426.WAV
952,488,Jul,11,06:14,20220711_131427.WAV
953,488,Jul,11,06:14,20220711_131428.WAV
954,488,Jul,11,06:14,20220711_131429.WAV
955,488,Jul,11,06:14,20220711_131430.WAV
956,488,Jul,11,06:14,20220711_131431.WAV
957,488,Jul,11,06:14,20220711_131432.WAV
958,488,Jul,11,06:14,20220711_131433.WAV
959,488,Jul,11,06:14,20220711_131434.WAV
960,488,Jul,11,06:14,20220711_131435.WAV
961,488,Jul,11,06:14,20220711_131436.WAV
962,488,Jul,11,06:14,20220711_131437.WAV
963,488,Jul,11,06:14,20220711_131438.WAV
964,488,Jul,11,06:14,20220711_131439.WAV
965,488,Jul,11,06:14,20220711_131440.WAV
966,488,Jul,11,06:14,20220711_131441.WAV
967,488,Jul,11,06:14,20220711_131442.WAV
968,488,Jul,11,06:14,20220711_131443.WAV
969,488,Jul,11,06:14,20220711_131444.WAV
970,488,Jul,11,06:14,20220711_131445.WAV
971,488,Jul,11,06:14,20220711_131446.WAV
972,488,Jul,11,06:14,20220711_131447.WAV
973,488,Jul,11,06:14,20220711_131448.WAV
974,488,Jul,11,06:14,20220711_131449.WAV
975,488,Jul,11,06:14,20220711_131450.WAV
976,488,Jul,11,06:14,20220711_131451.WAV
977,488,Jul,11,06:14,20220711_131452.WAV
978,488,Jul,11,06:14,20220711_131453.WAV
979,488,Jul,11,06:14,20220711_131454.WAV
980,488,Jul,11,06:14,20220711_131455.WAV
981,488,Jul,11,06:14,20220711_131456.WAV
982,488,Jul,11,06:14,20220711_131457.WAV
983,488,Jul,11,06:14,20220711_131458.WAV
984,488,Jul,11,06:14,20220711_131459.WAV
985,488,Jul,11,06:14,20220711_131500.WAV
986,488,Jul,11,06:15,20220711_131501.WAV
987,488,Jul,11,06:15,20220711_131502.WAV
988,488,Jul,11,06:15,20220711_131503.WAV
989,488,Jul,11,06:15,20220711_131504.WAV
990,488,Jul,11,06:15,20220711_131505.WAV
991,488,Jul,11,06:15,20220711_131506.WAV
992,488,Jul,11,06:15,20220711_131507.WAV
993,488,Jul,11,06:15,20220711_131508.WAV
994,488,Jul,11,06:15,20220711_131509.WAV
995,488,Jul,11,06:15,20220711_131510.WAV
996,488,Jul,11,06:15,20220711_131511.WAV
997,488,Jul,11,06:15,20220711_131512.WAV
998,488,Jul,11,06:15,20220711_131513.WAV
999,488,Jul,11,06:15,20220711_131514.WAV
1000,488,Jul,11,06:15,20220711_131515.WAV
1001,488,Jul,11,06:15,20220711_131516.WAV
1002,488,Jul,11,06:15,20220711_131517.WAV
1003,488,Jul,11,06:15,20220711_131518.WAV
1004,488,Jul,11,06:15,20220711_131519.WAV
1005,488,Jul,11,06:15,20220711_131520.WAV
1006,488,Jul,11,06:15,20220711_131521.WAV
1007,488,Jul,11,06:15,20220711_131522.WAV
1008,488,Jul,11,06:15,20220711_131523.WAV
1009,488,Jul,11,06:15,20220711_131524.WAV
1010,488,Jul,11,06:15,20220711_131525.WAV
1011,488,Jul,11,06:15,20220711_131526.WAV
1012,488,Jul,11,06:15,20220711_131527.WAV
1013,488,Jul,11,06:15,20220711_131528.WAV
1014,413M,Jul,11,06:29,20220711_131529.WAV
1015,856M,Jul,11,06:59,20220711_133000.WAV
1016,856M,Jul,11,07:29,20220711_140000.WAV
1017,856M,Jul,11,07:59,20220711_143000.WAV
1018,856M,Jul,11,08:29,20220711_150000.WAV
1019,856M,Jul,11,08:59,20220711_153000.WAV
1020,488,Jul,11,08:59,20220711_160000.WAV
1021,488,Jul,11,09:00,20220711_160001.WAV
1022,488,Jul,11,09:00,20220711_160002.WAV
1023,488,Jul,11,09:00,20220711_160003.WAV
1024,488,Jul,11,09:00,20220711_160004.WAV
1025,488,Jul,11,09:00,20220711_160005.WAV
1026,488,Jul,11,09:00,20220711_160006.WAV
1027,488,Jul,11,09:00,20220711_160007.WAV
1028,488,Jul,11,09:00,20220711_160008.WAV
1029,488,Jul,11,09:00,20220711_160009.WAV
1030,488,Jul,11,09:00,20220711_160010.WAV
1031,488,Jul,11,09:00,20220711_160011.WAV
1032,488,Jul,11,09:00,20220711_160012.WAV
1033,488,Jul,11,09:00,20220711_160013.WAV
1034,488,Jul,11,09:00,20220711_160014.WAV
1035,488,Jul,11,09:00,20220711_160015.WAV
1036,488,Jul,11,09:00,20220711_160016.WAV
1037,488,Jul,11,09:00,20220711_160017.WAV
1038,488,Jul,11,09:00,20220711_160018.WAV
1039,488,Jul,11,09:00,20220711_160019.WAV
1040,488,Jul,11,09:00,20220711_160020.WAV
1041,488,Jul,11,09:00,20220711_160021.WAV
1042,488,Jul,11,09:00,20220711_160022.WAV
1043,488,Jul,11,09:00,20220711_160023.WAV
1044,488,Jul,11,09:00,20220711_160024.WAV
1045,488,Jul,11,09:00,20220711_160025.WAV
1046,488,Jul,11,09:00,20220711_160026.WAV
1047,488,Jul,11,09:00,20220711_160027.WAV
1048,488,Jul,11,09:00,20220711_160028.WAV
1049,488,Jul,11,09:00,20220711_160029.WAV
1050,488,Jul,11,09:00,20220711_160030.WAV
1051,488,Jul,11,09:00,20220711_160031.WAV
1052,488,Jul,11,09:00,20220711_160032.WAV
1053,488,Jul,11,09:00,20220711_160033.WAV
1054,488,Jul,11,09:00,20220711_160034.WAV
1055,488,Jul,11,09:00,20220711_160035.WAV
1056,488,Jul,11,09:00,20220711_160036.WAV
1057,488,Jul,11,09:00,20220711_160037.WAV
1058,488,Jul,11,09:00,20220711_160038.WAV
1059,488,Jul,11,09:00,20220711_160039.WAV
1060,488,Jul,11,09:00,20220711_160040.WAV
1061,488,Jul,11,09:00,20220711_160041.WAV
1062,488,Jul,11,09:00,20220711_160042.WAV
1063,488,Jul,11,09:00,20220711_160043.WAV
1064,488,Jul,11,09:00,20220711_160044.WAV
1065,488,Jul,11,09:00,20220711_160045.WAV
1066,488,Jul,11,09:00,20220711_160046.WAV
1067,488,Jul,11,09:00,20220711_160047.WAV
1068,488,Jul,11,09:00,20220711_160048.WAV
1069,488,Jul,11,09:00,20220711_160049.WAV
1070,488,Jul,11,09:00,20220711_160050.WAV
1071,488,Jul,11,09:00,20220711_160051.WAV
1072,488,Jul,11,09:00,20220711_160052.WAV
1073,488,Jul,11,09:00,20220711_160053.WAV
1074,488,Jul,11,09:00,20220711_160054.WAV
1075,488,Jul,11,09:00,20220711_160055.WAV
1076,488,Jul,11,09:00,20220711_160056.WAV
1077,488,Jul,11,09:00,20220711_160057.WAV
1078,488,Jul,11,09:00,20220711_160058.WAV
1079,488,Jul,11,09:00,20220711_160059.WAV
1080,488,Jul,11,09:00,20220711_160100.WAV
1081,488,Jul,11,09:01,20220711_160101.WAV
1082,488,Jul,11,09:01,20220711_160102.WAV
1083,488,Jul,11,09:01,20220711_160103.WAV
1084,488,Jul,11,09:01,20220711_160104.WAV
1085,488,Jul,11,09:01,20220711_160105.WAV
1086,488,Jul,11,09:01,20220711_160106.WAV
1087,488,Jul,11,09:01,20220711_160107.WAV
1088,488,Jul,11,09:01,20220711_160108.WAV
1089,488,Jul,11,09:01,20220711_160109.WAV
1090,488,Jul,11,09:01,20220711_160110.WAV
1091,488,Jul,11,09:01,20220711_160111.WAV
1092,488,Jul,11,09:01,20220711_160112.WAV
1093,488,Jul,11,09:01,20220711_160113.WAV
1094,488,Jul,11,09:01,20220711_160114.WAV
1095,488,Jul,11,09:01,20220711_160115.WAV
1096,488,Jul,11,09:01,20220711_160116.WAV
1097,488,Jul,11,09:01,20220711_160117.WAV
1098,488,Jul,11,09:01,20220711_160118.WAV
1099,488,Jul,11,09:01,20220711_160119.WAV
1100,488,Jul,11,09:01,20220711_160120.WAV
1101,488,Jul,11,09:01,20220711_160121.WAV
1102,488,Jul,11,09:01,20220711_160122.WAV
1103,488,Jul,11,09:01,20220711_160123.WAV
1104,488,Jul,11,09:01,20220711_160124.WAV
1105,488,Jul,11,09:01,20220711_160125.WAV
1106,488,Jul,11,09:01,20220711_160126.WAV
1107,488,Jul,11,09:01,20220711_160127.WAV
1108,488,Jul,11,09:01,20220711_160128.WAV
1109,488,Jul,11,09:01,20220711_160129.WAV
1110,488,Jul,11,09:01,20220711_160130.WAV
1111,488,Jul,11,09:01,20220711_160131.WAV
1112,488,Jul,11,09:01,20220711_160132.WAV
1113,488,Jul,11,09:01,20220711_160133.WAV
1114,488,Jul,11,09:01,20220711_160134.WAV
1115,488,Jul,11,09:01,20220711_160135.WAV
1116,488,Jul,11,09:01,20220711_160136.WAV
1117,488,Jul,11,09:01,20220711_160137.WAV
1118,488,Jul,11,09:01,20220711_160138.WAV
1119,488,Jul,11,09:01,20220711_160139.WAV
1120,488,Jul,11,09:01,20220711_160140.WAV
1121,488,Jul,11,09:01,20220711_160141.WAV
1122,488,Jul,11,09:01,20220711_160142.WAV
1123,488,Jul,11,09:01,20220711_160143.WAV
1124,488,Jul,11,09:01,20220711_160144.WAV
1125,488,Jul,11,09:01,20220711_160145.WAV
1126,488,Jul,11,09:01,20220711_160146.WAV
1127,488,Jul,11,09:01,20220711_160147.WAV
1128,488,Jul,11,09:01,20220711_160148.WAV
1129,488,Jul,11,09:01,20220711_160149.WAV
1130,488,Jul,11,09:01,20220711_160150.WAV
1131,488,Jul,11,09:01,20220711_160151.WAV
1132,488,Jul,11,09:01,20220711_160152.WAV
1133,488,Jul,11,09:01,20220711_160153.WAV
1134,488,Jul,11,09:01,20220711_160154.WAV
1135,488,Jul,11,09:01,20220711_160155.WAV
1136,488,Jul,11,09:01,20220711_160156.WAV
1137,488,Jul,11,09:01,20220711_160157.WAV
1138,488,Jul,11,09:01,20220711_160158.WAV
1139,488,Jul,11,09:01,20220711_160159.WAV
1140,488,Jul,11,09:01,20220711_160200.WAV
1141,488,Jul,11,09:02,20220711_160201.WAV
1142,488,Jul,11,09:02,20220711_160202.WAV
1143,488,Jul,11,09:02,20220711_160203.WAV
1144,488,Jul,11,09:02,20220711_160204.WAV
1145,488,Jul,11,09:02,20220711_160205.WAV
1146,488,Jul,11,09:02,20220711_160206.WAV
1147,488,Jul,11,09:02,20220711_160207.WAV
1148,488,Jul,11,09:02,20220711_160208.WAV
1149,488,Jul,11,09:02,20220711_160209.WAV
1150,488,Jul,11,09:02,20220711_160210.WAV
1151,488,Jul,11,09:02,20220711_160211.WAV
1152,488,Jul,11,09:02,20220711_160212.WAV
1153,488,Jul,11,09:02,20220711_160213.WAV
1154,488,Jul,11,09:02,20220711_160214.WAV
1155,488,Jul,11,09:02,20220711_160215.WAV
1156,488,Jul,11,09:02,20220711_160216.WAV
1157,488,Jul,11,09:02,20220711_160217.WAV
1158,488,Jul,11,09:02,20220711_160218.WAV
1159,488,Jul,11,09:02,20220711_160219.WAV
1160,488,Jul,11,09:02,20220711_160220.WAV
1161,488,Jul,11,09:02,20220711_160221.WAV
1162,488,Jul,11,09:02,20220711_160222.WAV
1163,488,Jul,11,09:02,20220711_160223.WAV
1164,488,Jul,11,09:02,20220711_160224.WAV
1165,488,Jul,11,09:02,20220711_160225.WAV
1166,488,Jul,11,09:02,20220711_160226.WAV
1167,488,Jul,11,09:02,20220711_160227.WAV
1168,488,Jul,11,09:02,20220711_160228.WAV
1169,488,Jul,11,09:02,20220711_160229.WAV
1170,488,Jul,11,09:02,20220711_160230.WAV
1171,488,Jul,11,09:02,20220711_160231.WAV
1172,488,Jul,11,09:02,20220711_160232.WAV
1173,488,Jul,11,09:02,20220711_160233.WAV
1174,488,Jul,11,09:02,20220711_160234.WAV
1175,488,Jul,11,09:02,20220711_160235.WAV
1176,488,Jul,11,09:02,20220711_160236.WAV
1177,488,Jul,11,09:02,20220711_160237.WAV
1178,488,Jul,11,09:02,20220711_160238.WAV
1179,488,Jul,11,09:02,20220711_160239.WAV
1180,488,Jul,11,09:02,20220711_160240.WAV
1181,488,Jul,11,09:02,20220711_160241.WAV
1182,488,Jul,11,09:02,20220711_160242.WAV
1183,488,Jul,11,09:02,20220711_160243.WAV
1184,488,Jul,11,09:02,20220711_160244.WAV
1185,488,Jul,11,09:02,20220711_160245.WAV
1186,488,Jul,11,09:02,20220711_160246.WAV
1187,488,Jul,11,09:02,20220711_160247.WAV
1188,488,Jul,11,09:02,20220711_160248.WAV
1189,488,Jul,11,09:02,20220711_160249.WAV
1190,488,Jul,11,09:02,20220711_160250.WAV
1191,488,Jul,11,09:02,20220711_160251.WAV
1192,488,Jul,11,09:02,20220711_160252.WAV
1193,488,Jul,11,09:02,20220711_160253.WAV
1194,488,Jul,11,09:02,20220711_160254.WAV
1195,488,Jul,11,09:02,20220711_160255.WAV
1196,488,Jul,11,09:02,20220711_160256.WAV
1197,488,Jul,11,09:02,20220711_160257.WAV
1198,488,Jul,11,09:02,20220711_160258.WAV
1199,488,Jul,11,09:02,20220711_160259.WAV
1200,488,Jul,11,09:02,20220711_160300.WAV
1201,488,Jul,11,09:03,20220711_160301.WAV
1202,488,Jul,11,09:03,20220711_160302.WAV
1203,488,Jul,11,09:03,20220711_160303.WAV
1204,488,Jul,11,09:03,20220711_160304.WAV
1205,488,Jul,11,09:03,20220711_160305.WAV
1206,488,Jul,11,09:03,20220711_160306.WAV
1207,488,Jul,11,09:03,20220711_160307.WAV
1208,488,Jul,11,09:03,20220711_160308.WAV
1209,488,Jul,11,09:03,20220711_160309.WAV
1210,488,Jul,11,09:03,20220711_160310.WAV
1211,488,Jul,11,09:03,20220711_160311.WAV
1212,488,Jul,11,09:03,20220711_160312.WAV
1213,488,Jul,11,09:03,20220711_160313.WAV
1214,488,Jul,11,09:03,20220711_160314.WAV
1215,488,Jul,11,09:03,20220711_160315.WAV
1216,488,Jul,11,09:03,20220711_160316.WAV
1217,488,Jul,11,09:03,20220711_160317.WAV
1218,488,Jul,11,09:03,20220711_160318.WAV
1219,488,Jul,11,09:03,20220711_160319.WAV
1220,488,Jul,11,09:03,20220711_160320.WAV
1221,488,Jul,11,09:03,20220711_160321.WAV
1222,488,Jul,11,09:03,20220711_160322.WAV
1223,488,Jul,11,09:03,20220711_160323.WAV
1224,488,Jul,11,09:03,20220711_160324.WAV
1225,488,Jul,11,09:03,20220711_160325.WAV
1226,488,Jul,11,09:03,20220711_160326.WAV
1227,488,Jul,11,09:03,20220711_160327.WAV
1228,488,Jul,11,09:03,20220711_160328.WAV
1229,488,Jul,11,09:03,20220711_160329.WAV
1230,488,Jul,11,09:03,20220711_160330.WAV
1231,488,Jul,11,09:03,20220711_160331.WAV
1232,488,Jul,11,09:03,20220711_160332.WAV
1233,488,Jul,11,09:03,20220711_160333.WAV
1234,488,Jul,11,09:03,20220711_160334.WAV
1235,488,Jul,11,09:03,20220711_160335.WAV
1236,488,Jul,11,09:03,20220711_160336.WAV
1237,488,Jul,11,09:03,20220711_160337.WAV
1238,488,Jul,11,09:03,20220711_160338.WAV
1239,488,Jul,11,09:03,20220711_160339.WAV
1240,488,Jul,11,09:03,20220711_160340.WAV
1241,488,Jul,11,09:03,20220711_160341.WAV
1242,488,Jul,11,09:03,20220711_160342.WAV
1243,488,Jul,11,09:03,20220711_160343.WAV
1244,488,Jul,11,09:03,20220711_160344.WAV
1245,488,Jul,11,09:03,20220711_160345.WAV
1246,488,Jul,11,09:03,20220711_160346.WAV
1247,488,Jul,11,09:03,20220711_160347.WAV
1248,488,Jul,11,09:03,20220711_160348.WAV
1249,488,Jul,11,09:03,20220711_160349.WAV
1250,488,Jul,11,09:03,20220711_160350.WAV
1251,488,Jul,11,09:03,20220711_160351.WAV
1252,488,Jul,11,09:03,20220711_160352.WAV
1253,488,Jul,11,09:03,20220711_160353.WAV
1254,488,Jul,11,09:03,20220711_160354.WAV
1255,488,Jul,11,09:03,20220711_160355.WAV
1256,488,Jul,11,09:03,20220711_160356.WAV
1257,488,Jul,11,09:03,20220711_160357.WAV
1258,488,Jul,11,09:03,20220711_160358.WAV
1259,488,Jul,11,09:03,20220711_160359.WAV
1260,488,Jul,11,09:03,20220711_160400.WAV
1261,488,Jul,11,09:04,20220711_160401.WAV
1262,488,Jul,11,09:04,20220711_160402.WAV
1263,488,Jul,11,09:04,20220711_160403.WAV
1264,488,Jul,11,09:04,20220711_160404.WAV
1265,488,Jul,11,09:04,20220711_160405.WAV
1266,488,Jul,11,09:04,20220711_160406.WAV
1267,488,Jul,11,09:04,20220711_160407.WAV
1268,488,Jul,11,09:04,20220711_160408.WAV
1269,488,Jul,11,09:04,20220711_160409.WAV
1270,488,Jul,11,09:04,20220711_160410.WAV
1271,488,Jul,11,09:04,20220711_160411.WAV
1272,488,Jul,11,09:04,20220711_160412.WAV
1273,488,Jul,11,09:04,20220711_160413.WAV
1274,488,Jul,11,09:04,20220711_160414.WAV
1275,488,Jul,11,09:04,20220711_160415.WAV
1276,488,Jul,11,09:04,20220711_160416.WAV
1277,488,Jul,11,09:04,20220711_160417.WAV
1278,488,Jul,11,09:04,20220711_160418.WAV
1279,488,Jul,11,09:04,20220711_160419.WAV
1280,488,Jul,11,09:04,20220711_160420.WAV
1281,488,Jul,11,09:04,20220711_160421.WAV
1282,488,Jul,11,09:04,20220711_160422.WAV
1283,488,Jul,11,09:04,20220711_160423.WAV
1284,488,Jul,11,09:04,20220711_160424.WAV
1285,488,Jul,11,09:04,20220711_160425.WAV
1286,488,Jul,11,09:04,20220711_160426.WAV
1287,488,Jul,11,09:04,20220711_160427.WAV
1288,488,Jul,11,09:04,20220711_160428.WAV
1289,488,Jul,11,09:04,20220711_160429.WAV
1290,488,Jul,11,09:04,20220711_160430.WAV
1291,488,Jul,11,09:04,20220711_160431.WAV
1292,488,Jul,11,09:04,20220711_160432.WAV
1293,488,Jul,11,09:04,20220711_160433.WAV
1294,488,Jul,11,09:04,20220711_160434.WAV
1295,488,Jul,11,09:04,20220711_160435.WAV
1296,488,Jul,11,09:04,20220711_160436.WAV
1297,488,Jul,11,09:04,20220711_160437.WAV
1298,488,Jul,11,09:04,20220711_160438.WAV
1299,488,Jul,11,09:04,20220711_160439.WAV
1300,488,Jul,11,09:04,20220711_160440.WAV
1301,488,Jul,11,09:04,20220711_160441.WAV
1302,488,Jul,11,09:04,20220711_160442.WAV
1303,488,Jul,11,09:04,20220711_160443.WAV
1304,488,Jul,11,09:04,20220711_160444.WAV
1305,488,Jul,11,09:04,20220711_160445.WAV
1306,488,Jul,11,09:04,20220711_160446.WAV
1307,488,Jul,11,09:04,20220711_160447.WAV
1308,488,Jul,11,09:04,20220711_160448.WAV
1309,488,Jul,11,09:04,20220711_160449.WAV
1310,488,Jul,11,09:04,20220711_160450.WAV
1311,488,Jul,11,09:04,20220711_160451.WAV
1312,488,Jul,11,09:04,20220711_160452.WAV
1313,488,Jul,11,09:04,20220711_160453.WAV
1314,488,Jul,11,09:04,20220711_160454.WAV
1315,488,Jul,11,09:04,20220711_160455.WAV
1316,488,Jul,11,09:04,20220711_160456.WAV
1317,488,Jul,11,09:04,20220711_160457.WAV
1318,488,Jul,11,09:04,20220711_160458.WAV
1319,488,Jul,11,09:04,20220711_160459.WAV
1320,488,Jul,11,09:04,20220711_160500.WAV
1321,488,Jul,11,09:05,20220711_160501.WAV
1322,488,Jul,11,09:05,20220711_160502.WAV
1323,488,Jul,11,09:05,20220711_160503.WAV
1324,488,Jul,11,09:05,20220711_160504.WAV
1325,488,Jul,11,09:05,20220711_160505.WAV
1326,488,Jul,11,09:05,20220711_160506.WAV
1327,488,Jul,11,09:05,20220711_160507.WAV
1328,488,Jul,11,09:05,20220711_160508.WAV
1329,488,Jul,11,09:05,20220711_160509.WAV
1330,488,Jul,11,09:05,20220711_160510.WAV
1331,488,Jul,11,09:05,20220711_160511.WAV
1332,488,Jul,11,09:05,20220711_160512.WAV
1333,488,Jul,11,09:05,20220711_160513.WAV
1334,488,Jul,11,09:05,20220711_160514.WAV
1335,488,Jul,11,09:05,20220711_160515.WAV
1336,488,Jul,11,09:05,20220711_160516.WAV
1337,488,Jul,11,09:05,20220711_160517.WAV
1338,488,Jul,11,09:05,20220711_160518.WAV
1339,488,Jul,11,09:05,20220711_160519.WAV
1340,488,Jul,11,09:05,20220711_160520.WAV
1341,488,Jul,11,09:05,20220711_160521.WAV
1342,488,Jul,11,09:05,20220711_160522.WAV
1343,488,Jul,11,09:05,20220711_160523.WAV
1344,488,Jul,11,09:05,20220711_160524.WAV
1345,488,Jul,11,09:05,20220711_160525.WAV
1346,488,Jul,11,09:05,20220711_160526.WAV
1347,488,Jul,11,09:05,20220711_160527.WAV
1348,488,Jul,11,09:05,20220711_160528.WAV
1349,488,Jul,11,09:05,20220711_160529.WAV
1350,488,Jul,11,09:05,20220711_160530.WAV
1351,488,Jul,11,09:05,20220711_160531.WAV
1352,488,Jul,11,09:05,20220711_160532.WAV
1353,488,Jul,11,09:05,20220711_160533.WAV
1354,488,Jul,11,09:05,20220711_160534.WAV
1355,488,Jul,11,09:05,20220711_160535.WAV
1356,488,Jul,11,09:05,20220711_160536.WAV
1357,488,Jul,11,09:05,20220711_160537.WAV
1358,488,Jul,11,09:05,20220711_160538.WAV
1359,488,Jul,11,09:05,20220711_160539.WAV
1360,488,Jul,11,09:05,20220711_160540.WAV
1361,488,Jul,11,09:05,20220711_160541.WAV
1362,488,Jul,11,09:05,20220711_160542.WAV
1363,488,Jul,11,09:05,20220711_160543.WAV
1364,488,Jul,11,09:05,20220711_160544.WAV
1365,488,Jul,11,09:05,20220711_160545.WAV
1366,488,Jul,11,09:05,20220711_160546.WAV
1367,488,Jul,11,09:05,20220711_160547.WAV
1368,488,Jul,11,09:05,20220711_160548.WAV
1369,488,Jul,11,09:05,20220711_160549.WAV
1370,488,Jul,11,09:05,20220711_160550.WAV
1371,488,Jul,11,09:05,20220711_160551.WAV
1372,488,Jul,11,09:05,20220711_160552.WAV
1373,488,Jul,11,09:05,20220711_160553.WAV
1374,488,Jul,11,09:05,20220711_160554.WAV
1375,488,Jul,11,09:05,20220711_160555.WAV
1376,488,Jul,11,09:05,20220711_160556.WAV
1377,488,Jul,11,09:05,20220711_160557.WAV
1378,488,Jul,11,09:05,20220711_160558.WAV
1379,488,Jul,11,09:05,20220711_160559.WAV
1380,488,Jul,11,09:05,20220711_160600.WAV
1381,488,Jul,11,09:06,20220711_160601.WAV
1382,488,Jul,11,09:06,20220711_160602.WAV
1383,488,Jul,11,09:06,20220711_160603.WAV
1384,488,Jul,11,09:06,20220711_160604.WAV
1385,488,Jul,11,09:06,20220711_160605.WAV
1386,488,Jul,11,09:06,20220711_160606.WAV
1387,488,Jul,11,09:06,20220711_160607.WAV
1388,488,Jul,11,09:06,20220711_160608.WAV
1389,488,Jul,11,09:06,20220711_160609.WAV
1390,488,Jul,11,09:06,20220711_160610.WAV
1391,488,Jul,11,09:06,20220711_160611.WAV
1392,488,Jul,11,09:06,20220711_160612.WAV
1393,488,Jul,11,09:06,20220711_160613.WAV
1394,488,Jul,11,09:06,20220711_160614.WAV
1395,488,Jul,11,09:06,20220711_160615.WAV
1396,488,Jul,11,09:06,20220711_160616.WAV
1397,488,Jul,11,09:06,20220711_160617.WAV
1398,488,Jul,11,09:06,20220711_160618.WAV
1399,488,Jul,11,09:06,20220711_160619.WAV
1400,488,Jul,11,09:06,20220711_160620.WAV
1401,488,Jul,11,09:06,20220711_160621.WAV
1402,488,Jul,11,09:06,20220711_160622.WAV
1403,488,Jul,11,09:06,20220711_160623.WAV
1404,488,Jul,11,09:06,20220711_160624.WAV
1405,488,Jul,11,09:06,20220711_160625.WAV
1406,488,Jul,11,09:06,20220711_160626.WAV
1407,488,Jul,11,09:06,20220711_160627.WAV
1408,488,Jul,11,09:06,20220711_160628.WAV
1409,488,Jul,11,09:06,20220711_160629.WAV
1410,488,Jul,11,09:06,20220711_160630.WAV
1411,488,Jul,11,09:06,20220711_160631.WAV
1412,488,Jul,11,09:06,20220711_160632.WAV
1413,488,Jul,11,09:06,20220711_160633.WAV
1414,488,Jul,11,09:06,20220711_160634.WAV
1415,488,Jul,11,09:06,20220711_160635.WAV
1416,488,Jul,11,09:06,20220711_160636.WAV
1417,488,Jul,11,09:06,20220711_160637.WAV
1418,488,Jul,11,09:06,20220711_160638.WAV
1419,488,Jul,11,09:06,20220711_160639.WAV
1420,488,Jul,11,09:06,20220711_160640.WAV
1421,488,Jul,11,09:06,20220711_160641.WAV
1422,488,Jul,11,09:06,20220711_160642.WAV
1423,488,Jul,11,09:06,20220711_160643.WAV
1424,488,Jul,11,09:06,20220711_160644.WAV
1425,488,Jul,11,09:06,20220711_160645.WAV
1426,488,Jul,11,09:06,20220711_160646.WAV
1427,488,Jul,11,09:06,20220711_160647.WAV
1428,488,Jul,11,09:06,20220711_160648.WAV
1429,488,Jul,11,09:06,20220711_160649.WAV
1430,488,Jul,11,09:06,20220711_160650.WAV
1431,488,Jul,11,09:06,20220711_160651.WAV
1432,488,Jul,11,09:06,20220711_160652.WAV
1433,488,Jul,11,09:06,20220711_160653.WAV
1434,488,Jul,11,09:06,20220711_160654.WAV
1435,488,Jul,11,09:06,20220711_160655.WAV
1436,488,Jul,11,09:06,20220711_160656.WAV
1437,488,Jul,11,09:06,20220711_160657.WAV
1438,488,Jul,11,09:06,20220711_160658.WAV
1439,488,Jul,11,09:06,20220711_160659.WAV
1440,488,Jul,11,09:06,20220711_160700.WAV
1441,488,Jul,11,09:07,20220711_160701.WAV
1442,488,Jul,11,09:07,20220711_160702.WAV
1443,488,Jul,11,09:07,20220711_160703.WAV
1444,488,Jul,11,09:07,20220711_160704.WAV
1445,488,Jul,11,09:07,20220711_160705.WAV
1446,488,Jul,11,09:07,20220711_160706.WAV
1447,488,Jul,11,09:07,20220711_160707.WAV
1448,488,Jul,11,09:07,20220711_160708.WAV
1449,488,Jul,11,09:07,20220711_160709.WAV
1450,488,Jul,11,09:07,20220711_160710.WAV
1451,488,Jul,11,09:07,20220711_160711.WAV
1452,488,Jul,11,09:07,20220711_160712.WAV
1453,488,Jul,11,09:07,20220711_160713.WAV
1454,488,Jul,11,09:07,20220711_160714.WAV
1455,488,Jul,11,09:07,20220711_160715.WAV
1456,488,Jul,11,09:07,20220711_160716.WAV
1457,488,Jul,11,09:07,20220711_160717.WAV
1458,488,Jul,11,09:07,20220711_160718.WAV
1459,488,Jul,11,09:07,20220711_160719.WAV
1460,488,Jul,11,09:07,20220711_160720.WAV
1461,488,Jul,11,09:07,20220711_160721.WAV
1462,488,Jul,11,09:07,20220711_160722.WAV
1463,488,Jul,11,09:07,20220711_160723.WAV
1464,488,Jul,11,09:07,20220711_160724.WAV
1465,488,Jul,11,09:07,20220711_160725.WAV
1466,488,Jul,11,09:07,20220711_160726.WAV
1467,488,Jul,11,09:07,20220711_160727.WAV
1468,488,Jul,11,09:07,20220711_160728.WAV
1469,488,Jul,11,09:07,20220711_160729.WAV
1470,488,Jul,11,09:07,20220711_160730.WAV
1471,488,Jul,11,09:07,20220711_160731.WAV
1472,488,Jul,11,09:07,20220711_160732.WAV
1473,488,Jul,11,09:07,20220711_160733.WAV
1474,488,Jul,11,09:07,20220711_160734.WAV
1475,488,Jul,11,09:07,20220711_160735.WAV
1476,488,Jul,11,09:07,20220711_160736.WAV
1477,488,Jul,11,09:07,20220711_160737.WAV
1478,488,Jul,11,09:07,20220711_160738.WAV
1479,488,Jul,11,09:07,20220711_160739.WAV
1480,488,Jul,11,09:07,20220711_160740.WAV
1481,488,Jul,11,09:07,20220711_160741.WAV
1482,488,Jul,11,09:07,20220711_160742.WAV
1483,488,Jul,11,09:07,20220711_160743.WAV
1484,488,Jul,11,09:07,20220711_160744.WAV
1485,488,Jul,11,09:07,20220711_160745.WAV
1486,488,Jul,11,09:07,20220711_160746.WAV
1487,488,Jul,11,09:07,20220711_160747.WAV
1488,488,Jul,11,09:07,20220711_160748.WAV
1489,488,Jul,11,09:07,20220711_160749.WAV
1490,488,Jul,11,09:07,20220711_160750.WAV
1491,488,Jul,11,09:07,20220711_160751.WAV
1492,488,Jul,11,09:07,20220711_160752.WAV
1493,488,Jul,11,09:07,20220711_160753.WAV
1494,488,Jul,11,09:07,20220711_160754.WAV
1495,488,Jul,11,09:07,20220711_160755.WAV
1496,488,Jul,11,09:07,20220711_160756.WAV
1497,488,Jul,11,09:07,20220711_160757.WAV
1498,488,Jul,11,09:07,20220711_160758.WAV
1499,488,Jul,11,09:07,20220711_160759.WAV
1500,488,Jul,11,09:07,20220711_160800.WAV
1501,488,Jul,11,09:08,20220711_160801.WAV
1502,488,Jul,11,09:08,20220711_160802.WAV
1503,488,Jul,11,09:08,20220711_160803.WAV
1504,488,Jul,11,09:08,20220711_160804.WAV
1505,488,Jul,11,09:08,20220711_160805.WAV
1506,488,Jul,11,09:08,20220711_160806.WAV
1507,488,Jul,11,09:08,20220711_160807.WAV
1508,488,Jul,11,09:08,20220711_160808.WAV
1509,488,Jul,11,09:08,20220711_160809.WAV
1510,488,Jul,11,09:08,20220711_160810.WAV
1511,488,Jul,11,09:08,20220711_160811.WAV
1512,488,Jul,11,09:08,20220711_160812.WAV
1513,488,Jul,11,09:08,20220711_160813.WAV
1514,488,Jul,11,09:08,20220711_160814.WAV
1515,488,Jul,11,09:08,20220711_160815.WAV
1516,488,Jul,11,09:08,20220711_160816.WAV
1517,488,Jul,11,09:08,20220711_160817.WAV
1518,488,Jul,11,09:08,20220711_160818.WAV
1519,488,Jul,11,09:08,20220711_160819.WAV
1520,488,Jul,11,09:08,20220711_160820.WAV
1521,488,Jul,11,09:08,20220711_160821.WAV
1522,488,Jul,11,09:08,20220711_160822.WAV
1523,488,Jul,11,09:08,20220711_160823.WAV
1524,488,Jul,11,09:08,20220711_160824.WAV
1525,488,Jul,11,09:08,20220711_160825.WAV
1526,488,Jul,11,09:08,20220711_160826.WAV
1527,488,Jul,11,09:08,20220711_160827.WAV
1528,488,Jul,11,09:08,20220711_160828.WAV
1529,488,Jul,11,09:08,20220711_160829.WAV
1530,488,Jul,11,09:08,20220711_160830.WAV
1531,488,Jul,11,09:08,20220711_160831.WAV
1532,488,Jul,11,09:08,20220711_160832.WAV
1533,488,Jul,11,09:08,20220711_160833.WAV
1534,488,Jul,11,09:08,20220711_160834.WAV
1535,488,Jul,11,09:08,20220711_160835.WAV
1536,488,Jul,11,09:08,20220711_160836.WAV
1537,488,Jul,11,09:08,20220711_160837.WAV
1538,488,Jul,11,09:08,20220711_160838.WAV
1539,488,Jul,11,09:08,20220711_160839.WAV
1540,488,Jul,11,09:08,20220711_160840.WAV
1541,488,Jul,11,09:08,20220711_160841.WAV
1542,488,Jul,11,09:08,20220711_160842.WAV
1543,488,Jul,11,09:08,20220711_160843.WAV
1544,488,Jul,11,09:08,20220711_160844.WAV
1545,488,Jul,11,09:08,20220711_160845.WAV
1546,488,Jul,11,09:08,20220711_160846.WAV
1547,488,Jul,11,09:08,20220711_160847.WAV
1548,488,Jul,11,09:08,20220711_160848.WAV
1549,488,Jul,11,09:08,20220711_160849.WAV
1550,488,Jul,11,09:08,20220711_160850.WAV
1551,488,Jul,11,09:08,20220711_160851.WAV
1552,488,Jul,11,09:08,20220711_160852.WAV
1553,488,Jul,11,09:08,20220711_160853.WAV
1554,488,Jul,11,09:08,20220711_160854.WAV
1555,488,Jul,11,09:08,20220711_160855.WAV
1556,488,Jul,11,09:08,20220711_160856.WAV
1557,488,Jul,11,09:08,20220711_160857.WAV
1558,488,Jul,11,09:08,20220711_160858.WAV
1559,488,Jul,11,09:08,20220711_160859.WAV
1560,488,Jul,11,09:08,20220711_160900.WAV
1561,488,Jul,11,09:09,20220711_160901.WAV
1562,488,Jul,11,09:09,20220711_160902.WAV
1563,488,Jul,11,09:09,20220711_160903.WAV
1564,488,Jul,11,09:09,20220711_160904.WAV
1565,488,Jul,11,09:09,20220711_160905.WAV
1566,488,Jul,11,09:09,20220711_160906.WAV
1567,488,Jul,11,09:09,20220711_160907.WAV
1568,488,Jul,11,09:09,20220711_160908.WAV
1569,488,Jul,11,09:09,20220711_160909.WAV
1570,488,Jul,11,09:09,20220711_160910.WAV
1571,488,Jul,11,09:09,20220711_160911.WAV
1572,488,Jul,11,09:09,20220711_160912.WAV
1573,488,Jul,11,09:09,20220711_160913.WAV
1574,488,Jul,11,09:09,20220711_160914.WAV
1575,488,Jul,11,09:09,20220711_160915.WAV
1576,488,Jul,11,09:09,20220711_160916.WAV
1577,488,Jul,11,09:09,20220711_160917.WAV
1578,488,Jul,11,09:09,20220711_160918.WAV
1579,488,Jul,11,09:09,20220711_160919.WAV
1580,488,Jul,11,09:09,20220711_160920.WAV
1581,488,Jul,11,09:09,20220711_160921.WAV
1582,488,Jul,11,09:09,20220711_160922.WAV
1583,488,Jul,11,09:09,20220711_160923.WAV
1584,488,Jul,11,09:09,20220711_160924.WAV
1585,488,Jul,11,09:09,20220711_160925.WAV
1586,488,Jul,11,09:09,20220711_160926.WAV
1587,488,Jul,11,09:09,20220711_160927.WAV
1588,488,Jul,11,09:09,20220711_160928.WAV
1589,488,Jul,11,09:09,20220711_160929.WAV
1590,488,Jul,11,09:09,20220711_160930.WAV
1591,488,Jul,11,09:09,20220711_160931.WAV
1592,488,Jul,11,09:09,20220711_160932.WAV
1593,488,Jul,11,09:09,20220711_160933.WAV
1594,488,Jul,11,09:09,20220711_160934.WAV
1595,488,Jul,11,09:09,20220711_160935.WAV
1596,488,Jul,11,09:09,20220711_160936.WAV
1597,488,Jul,11,09:09,20220711_160937.WAV
1598,488,Jul,11,09:09,20220711_160938.WAV
1599,488,Jul,11,09:09,20220711_160939.WAV
1600,488,Jul,11,09:09,20220711_160940.WAV
1601,488,Jul,11,09:09,20220711_160941.WAV
1602,488,Jul,11,09:09,20220711_160942.WAV
1603,488,Jul,11,09:09,20220711_160943.WAV
1604,488,Jul,11,09:09,20220711_160944.WAV
1605,488,Jul,11,09:09,20220711_160945.WAV
1606,488,Jul,11,09:09,20220711_160946.WAV
1607,488,Jul,11,09:09,20220711_160947.WAV
1608,488,Jul,11,09:09,20220711_160948.WAV
1609,488,Jul,11,09:09,20220711_160949.WAV
1610,488,Jul,11,09:09,20220711_160950.WAV
1611,488,Jul,11,09:09,20220711_160951.WAV
1612,488,Jul,11,09:09,20220711_160952.WAV
1613,488,Jul,11,09:09,20220711_160953.WAV
1614,488,Jul,11,09:09,20220711_160954.WAV
1615,488,Jul,11,09:09,20220711_160955.WAV
1616,488,Jul,11,09:09,20220711_160956.WAV
1617,488,Jul,11,09:09,20220711_160957.WAV
1618,488,Jul,11,09:09,20220711_160958.WAV
1619,488,Jul,11,09:09,20220711_160959.WAV
1620,488,Jul,11,09:09,20220711_161000.WAV
1621,488,Jul,11,09:10,20220711_161001.WAV
1622,488,Jul,11,09:10,20220711_161002.WAV
1623,488,Jul,11,09:10,20220711_161003.WAV
1624,488,Jul,11,09:10,20220711_161004.WAV
1625,488,Jul,11,09:10,20220711_161005.WAV
1626,488,Jul,11,09:10,20220711_161006.WAV
1627,488,Jul,11,09:10,20220711_161007.WAV
1628,488,Jul,11,09:10,20220711_161008.WAV
1629,488,Jul,11,09:10,20220711_161009.WAV
1630,488,Jul,11,09:10,20220711_161010.WAV
1631,488,Jul,11,09:10,20220711_161011.WAV
1632,488,Jul,11,09:10,20220711_161012.WAV
1633,488,Jul,11,09:10,20220711_161013.WAV
1634,488,Jul,11,09:10,20220711_161014.WAV
1635,488,Jul,11,09:10,20220711_161015.WAV
1636,488,Jul,11,09:10,20220711_161016.WAV
1637,488,Jul,11,09:10,20220711_161017.WAV
1638,488,Jul,11,09:10,20220711_161018.WAV
1639,488,Jul,11,09:10,20220711_161019.WAV
1640,488,Jul,11,09:10,20220711_161020.WAV
1641,488,Jul,11,09:10,20220711_161021.WAV
1642,488,Jul,11,09:10,20220711_161022.WAV
1643,488,Jul,11,09:10,20220711_161023.WAV
1644,488,Jul,11,09:10,20220711_161024.WAV
1645,488,Jul,11,09:10,20220711_161025.WAV
1646,488,Jul,11,09:10,20220711_161026.WAV
1647,488,Jul,11,09:10,20220711_161027.WAV
1648,488,Jul,11,09:10,20220711_161028.WAV
1649,488,Jul,11,09:10,20220711_161029.WAV
1650,488,Jul,11,09:10,20220711_161030.WAV
1651,488,Jul,11,09:10,20220711_161031.WAV
1652,488,Jul,11,09:10,20220711_161032.WAV
1653,488,Jul,11,09:10,20220711_161033.WAV
1654,488,Jul,11,09:10,20220711_161034.WAV
1655,488,Jul,11,09:10,20220711_161035.WAV
1656,488,Jul,11,09:10,20220711_161036.WAV
1657,488,Jul,11,09:10,20220711_161037.WAV
1658,488,Jul,11,09:10,20220711_161038.WAV
1659,488,Jul,11,09:10,20220711_161039.WAV
1660,488,Jul,11,09:10,20220711_161040.WAV
1661,488,Jul,11,09:10,20220711_161041.WAV
1662,488,Jul,11,09:10,20220711_161042.WAV
1663,488,Jul,11,09:10,20220711_161043.WAV
1664,488,Jul,11,09:10,20220711_161044.WAV
1665,488,Jul,11,09:10,20220711_161045.WAV
1666,488,Jul,11,09:10,20220711_161046.WAV
1667,488,Jul,11,09:10,20220711_161047.WAV
1668,488,Jul,11,09:10,20220711_161048.WAV
1669,488,Jul,11,09:10,20220711_161049.WAV
1670,488,Jul,11,09:10,20220711_161050.WAV
1671,488,Jul,11,09:10,20220711_161051.WAV
1672,488,Jul,11,09:10,20220711_161052.WAV
1673,488,Jul,11,09:10,20220711_161053.WAV
1674,488,Jul,11,09:10,20220711_161054.WAV
1675,488,Jul,11,09:10,20220711_161055.WAV
1676,488,Jul,11,09:10,20220711_161056.WAV
1677,488,Jul,11,09:10,20220711_161057.WAV
1678,488,Jul,11,09:10,20220711_161058.WAV
1679,488,Jul,11,09:10,20220711_161059.WAV
1680,488,Jul,11,09:10,20220711_161100.WAV
1681,488,Jul,11,09:11,20220711_161101.WAV
1682,488,Jul,11,09:11,20220711_161102.WAV
1683,488,Jul,11,09:11,20220711_161103.WAV
1684,488,Jul,11,09:11,20220711_161104.WAV
1685,488,Jul,11,09:11,20220711_161105.WAV
1686,488,Jul,11,09:11,20220711_161106.WAV
1687,488,Jul,11,09:11,20220711_161107.WAV
1688,488,Jul,11,09:11,20220711_161108.WAV
1689,488,Jul,11,09:11,20220711_161109.WAV
1690,488,Jul,11,09:11,20220711_161110.WAV
1691,488,Jul,11,09:11,20220711_161111.WAV
1692,488,Jul,11,09:11,20220711_161112.WAV
1693,488,Jul,11,09:11,20220711_161113.WAV
1694,488,Jul,11,09:11,20220711_161114.WAV
1695,488,Jul,11,09:11,20220711_161115.WAV
1696,488,Jul,11,09:11,20220711_161116.WAV
1697,488,Jul,11,09:11,20220711_161117.WAV
1698,488,Jul,11,09:11,20220711_161118.WAV
1699,488,Jul,11,09:11,20220711_161119.WAV
1700,488,Jul,11,09:11,20220711_161120.WAV
1701,488,Jul,11,09:11,20220711_161121.WAV
1702,488,Jul,11,09:11,20220711_161122.WAV
1703,488,Jul,11,09:11,20220711_161123.WAV
1704,488,Jul,11,09:11,20220711_161124.WAV
1705,488,Jul,11,09:11,20220711_161125.WAV
1706,488,Jul,11,09:11,20220711_161126.WAV
1707,488,Jul,11,09:11,20220711_161127.WAV
1708,488,Jul,11,09:11,20220711_161128.WAV
1709,488,Jul,11,09:11,20220711_161129.WAV
1710,488,Jul,11,09:11,20220711_161130.WAV
1711,488,Jul,11,09:11,20220711_161131.WAV
1712,488,Jul,11,09:11,20220711_161132.WAV
1713,488,Jul,11,09:11,20220711_161133.WAV
1714,488,Jul,11,09:11,20220711_161134.WAV
1715,525M,Jul,11,09:29,20220711_161135.WAV
1716,856M,Jul,11,09:59,20220711_163000.WAV
1717,856M,Jul,11,10:29,20220711_170000.WAV
1718,856M,Jul,11,10:59,20220711_173000.WAV
1719,856M,Jul,11,11:29,20220711_180000.WAV
1720,856M,Jul,11,11:59,20220711_183000.WAV
1721,856M,Jul,11,12:29,20220711_190000.WAV
1722,856M,Jul,11,12:59,20220711_193000.WAV
1723,856M,Jul,11,13:29,20220711_200000.WAV
1724,856M,Jul,11,13:59,20220711_203000.WAV
1725,856M,Jul,11,14:29,20220711_210000.WAV
1726,856M,Jul,11,14:59,20220711_213000.WAV
1727,856M,Jul,11,15:29,20220711_220000.WAV
1728,856M,Jul,11,15:59,20220711_223000.WAV
1729,856M,Jul,11,16:29,20220711_230000.WAV
1730,856M,Jul,11,16:59,20220711_233000.WAV
1731,856M,Jul,11,17:29,20220712_000000.WAV
1732,856M,Jul,11,17:59,20220712_003000.WAV
1733,856M,Jul,11,18:29,20220712_010000.WAV
1734,856M,Jul,11,18:59,20220712_013000.WAV
1735,856M,Jul,11,19:29,20220712_020000.WAV
1736,856M,Jul,11,19:59,20220712_023000.WAV
1737,856M,Jul,11,20:29,20220712_030000.WAV
1738,856M,Jul,11,20:59,20220712_033000.WAV
1739,856M,Jul,11,21:29,20220712_040000.WAV
1740,856M,Jul,11,21:59,20220712_043000.WAV
1741,856M,Jul,11,22:29,20220712_050000.WAV
1742,856M,Jul,11,22:59,20220712_053000.WAV
1743,856M,Jul,11,23:29,20220712_060000.WAV
1744,856M,Jul,11,23:59,20220712_063000.WAV
1745,856M,Jul,12,00:29,20220712_070000.WAV
1746,856M,Jul,12,00:59,20220712_073000.WAV
1747,856M,Jul,12,01:29,20220712_080000.WAV
1748,856M,Jul,12,01:59,20220712_083000.WAV
1749,856M,Jul,12,02:29,20220712_090000.WAV
1750,856M,Jul,12,02:59,20220712_093000.WAV
1751,856M,Jul,12,03:29,20220712_100000.WAV
1752,856M,Jul,12,03:59,20220712_103000.WAV
1753,856M,Jul,12,04:29,20220712_110000.WAV
1754,856M,Jul,12,04:59,20220712_113000.WAV
1755,856M,Jul,12,05:29,20220712_120000.WAV
1756,856M,Jul,12,05:59,20220712_123000.WAV
1757,856M,Jul,12,06:29,20220712_130000.WAV
1758,856M,Jul,12,06:59,20220712_133000.WAV
1759,856M,Jul,12,07:29,20220712_140000.WAV
1760,856M,Jul,12,07:59,20220712_143000.WAV
1761,856M,Jul,12,08:29,20220712_150000.WAV
1762,856M,Jul,12,08:59,20220712_153000.WAV
1763,856M,Jul,12,09:29,20220712_160000.WAV
1764,856M,Jul,12,09:59,20220712_163000.WAV
1765,856M,Jul,12,10:29,20220712_170000.WAV
1766,856M,Jul,12,10:59,20220712_173000.WAV
1767,856M,Jul,12,11:29,20220712_180000.WAV
1768,856M,Jul,12,11:59,20220712_183000.WAV
1769,386M,Jul,12,12:13,20220712_190000.WAV
